time_sec,valid,confidence,point_count,span_m
0.0,1.0,0.22435897435897437,14.0,0.6
0.19500000000000028,1.0,0.22435897435897437,14.0,0.6
0.3950000000000031,1.0,0.2763157894736842,15.0,0.76
0.5899999999999963,1.0,0.18648648648648647,12.0,0.6
0.7899999999999991,1.0,0.2596153846153846,15.0,0.6
0.990000000000002,1.0,0.18157894736842103,12.0,0.6
1.1850000000000023,1.0,0.2596153846153846,15.0,0.6
1.384999999999998,1.0,0.26249999999999996,15.0,0.6
1.5799999999999983,0.0,0.0,0.0,0.0
1.8449999999999989,0.0,0.0,0.0,0.0
2.1099999999999994,1.0,0.18648648648648647,12.0,0.6
2.3100000000000023,1.0,0.18157894736842103,12.0,0.6
2.5050000000000026,1.0,0.2596153846153846,15.0,0.6
2.770000000000003,1.0,0.18648648648648647,12.0,0.6
2.969999999999999,1.0,0.18157894736842103,12.0,0.6
3.164999999999999,1.0,0.22105263157894733,14.0,0.6
3.4949999999999974,1.0,0.2763157894736842,15.0,0.6
3.6950000000000003,1.0,0.18157894736842103,12.0,0.6
3.8900000000000006,1.0,0.2596153846153846,15.0,0.6
4.089999999999996,0.0,0.0,0.0,0.0
4.354999999999997,1.0,0.18157894736842103,12.0,0.6
4.549999999999997,1.0,0.2596153846153846,15.0,0.6
4.75,1.0,0.18648648648648647,12.0,0.6
4.950000000000003,1.0,0.18157894736842103,12.0,0.6
5.145000000000003,1.0,0.2596153846153846,15.0,0.6
5.409999999999997,1.0,0.2596153846153846,15.0,0.6
5.609999999999999,1.0,0.18157894736842103,12.0,0.6
5.805,1.0,0.18157894736842103,12.0,0.6
6.005000000000003,1.0,0.31351351351351353,16.0,0.64
6.270000000000003,1.0,0.22941176470588237,13.0,0.5599999999999999
6.464999999999996,1.0,0.34671052631578947,17.0,0.7000000000000001
6.729999999999997,1.0,0.3233695652173913,17.0,0.5599940468471991
6.93,1.0,0.42452830188679247,20.0,0.6999999503009761
7.125,1.0,0.43,20.0,0.6999835868925757
7.325000000000003,1.0,0.4632352941176471,21.0,0.7599997237711824
7.524999999999999,1.0,0.45454545454545453,20.0,0.7599989835373646
7.784999999999997,1.0,0.39886363636363636,18.0,0.7000000000000001
7.984999999999999,1.0,0.25232558139534883,14.0,0.5199728675460069
8.18,1.0,0.37670454545454546,17.0,0.72
8.380000000000003,1.0,0.35144230769230766,17.0,0.66
8.71,1.0,0.3271276595744681,15.0,0.66
8.909999999999997,1.0,0.3956896551724138,18.0,0.6999893661185983
9.104999999999997,1.0,0.3355263157894737,15.0,0.7002679447503759
9.435000000000002,1.0,0.38,19.0,0.7000000000000001
9.634999999999998,1.0,0.40375,19.0,0.7000000000000001
9.829999999999998,1.0,0.3276041666666667,17.0,0.7599992253977328
10.094999999999999,1.0,0.21627906976744185,12.0,0.6999996305444611
10.36,1.0,0.258695652173913,14.0,0.6999986869791466
10.560000000000002,1.0,0.1902439024390244,12.0,0.5999992530003333
10.755000000000003,0.0,0.0,0.0,0.0
11.020000000000003,1.0,0.23214285714285715,13.0,0.64
11.219999999999999,1.0,0.20294117647058824,12.0,0.64
11.415,1.0,0.34671052631578947,17.0,0.7000000000000001
11.68,1.0,0.40572916666666664,19.0,0.6599906824194519
11.880000000000003,1.0,0.37941176470588234,18.0,0.6599849892716777
12.14,1.0,0.4326923076923077,20.0,0.699998907677978
12.339999999999996,1.0,0.4071428571428571,19.0,0.7199989962158527
12.604999999999997,1.0,0.36124999999999996,17.0,0.68
12.805,1.0,0.4197674418604651,19.0,0.6999832161509953
13.0,1.0,0.33913043478260874,16.0,0.6601631753567108
13.200000000000003,1.0,0.2916666666666667,15.0,0.6599998205879625
13.530000000000001,1.0,0.41400000000000003,18.0,0.72
13.725000000000001,1.0,0.3695652173913043,17.0,0.6599993811636418
13.924999999999997,1.0,0.3554545454545454,17.0,0.6399865435343743
14.125,1.0,0.4574468085106383,20.0,0.6999923129621247
14.384999999999998,1.0,0.3027027027027027,16.0,0.7000000000000001
14.585,1.0,0.37321428571428567,19.0,0.7000000000000001
14.850000000000001,1.0,0.33260869565217394,17.0,0.8200000000000001
15.045000000000002,1.0,0.27045454545454545,14.0,0.76
15.310000000000002,1.0,0.2644444444444444,14.0,0.699998721296909
15.509999999999998,1.0,0.18292682926829268,12.0,0.5999992530003333
15.770000000000003,1.0,0.2333333333333333,14.0,0.6
15.969999999999999,1.0,0.2394736842105263,14.0,0.64
16.235,1.0,0.20294117647058824,12.0,0.64
16.43,1.0,0.34671052631578947,17.0,0.7000000000000001
16.695,1.0,0.4011111111111111,19.0,0.6599742710507134
16.895000000000003,1.0,0.41436170212765955,19.0,0.6599998569796375
17.089999999999996,1.0,0.39166666666666666,18.0,0.6999996424131494
17.354999999999997,1.0,0.4528301886792453,20.0,0.7599996291389377
17.555,1.0,0.3573863636363636,17.0,0.68
17.82,1.0,0.3976744186046512,18.0,0.7000000000000001
18.015,1.0,0.3681818181818182,18.0,0.7001486427527484
18.214999999999996,1.0,0.2770833333333333,14.0,0.5599862502873774
18.415,1.0,0.39899999999999997,19.0,0.7199994557937163
18.674999999999997,1.0,0.3591836734693878,16.0,0.72
18.939999999999998,1.0,0.47450980392156866,22.0,0.6999938262154202
19.14,1.0,0.26463414634146337,14.0,0.6999473385548083
19.405,1.0,0.22105263157894733,14.0,0.7000000000000001
19.6,1.0,0.2926829268292683,16.0,0.7000000000000001
19.799999999999997,1.0,0.36032608695652174,17.0,0.76
20.060000000000002,1.0,0.4111111111111111,20.0,0.6999857795925478
20.325000000000003,1.0,0.34944444444444445,17.0,0.6999889308582978
20.525,1.0,0.3074468085106383,17.0,0.5999943193426928
20.725,1.0,0.19166666666666665,12.0,0.6
20.92,1.0,0.368125,19.0,0.6999879111947991
21.119999999999997,1.0,0.22285714285714286,13.0,0.6999409172070009
21.380000000000003,1.0,0.45222222222222225,22.0,0.6199632129548112
21.58,1.0,0.4644444444444445,22.0,0.599981166834786
21.78,1.0,0.5106382978723404,24.0,0.6599941531600019
22.04,1.0,0.477127659574468,23.0,0.6599999753090371
22.305,1.0,0.48299999999999993,23.0,0.7199995691405907
22.505000000000003,1.0,0.5,22.0,0.7799994720352657
22.770000000000003,1.0,0.31000000000000005,16.0,0.5599967235431356
22.964999999999996,1.0,0.36453488372093024,19.0,0.5999999255329089
23.229999999999997,1.0,0.6180327868852459,29.0,0.659927861567545
23.43,1.0,0.675,30.0,0.7199115176474147
23.689999999999998,1.0,0.675,30.0,0.6999915126773276
23.89,1.0,0.5833333333333334,28.0,0.6401259713360019
24.089999999999996,1.0,0.7457627118644068,32.0,0.7601159851504293
24.284999999999997,1.0,0.6933962264150944,30.0,0.75999461497874
24.485,1.0,0.7451612903225806,33.0,0.819979365897474
24.68,1.0,0.7105263157894737,30.0,0.7599965015429634
24.945,1.0,0.7825396825396824,34.0,0.7599989182940161
25.145000000000003,1.0,0.6473214285714286,29.0,0.7799952291275047
25.339999999999996,1.0,0.6249999999999999,29.0,0.7799996906259683
25.54,1.0,0.6249999999999999,29.0,0.7599995753977097
25.935000000000002,1.0,0.673728813559322,30.0,0.7999999979345905
26.134999999999998,1.0,0.7814516129032257,34.0,0.9000165222730314
26.4,1.0,0.8409836065573771,36.0,0.819995975666646
26.595,1.0,0.75625,33.0,0.8000626639910886
26.795,1.0,0.7777777777777777,35.0,0.7000492045717368
27.060000000000002,1.0,0.8569852941176471,37.0,0.9201087348006418
27.255000000000003,1.0,0.8821428571428571,38.0,0.9200901858047439
27.520000000000003,1.0,0.760546875,33.0,0.7601006865579809
27.72,1.0,0.7615384615384615,33.0,0.7200644127186553
27.915,1.0,0.7261538461538461,32.0,0.700129915976909
28.18,1.0,0.7989130434782609,35.0,0.7601082580628624
28.380000000000003,1.0,0.78,36.0,0.7601072611850237
28.64,1.0,0.7422535211267605,34.0,0.7601454042441338
28.839999999999996,1.0,0.948051948051948,42.0,0.9600672446734787
29.17,1.0,0.9184782608695652,39.0,0.8600680181475819
29.369999999999997,1.0,0.958904109589041,40.0,0.8200535662710255
29.564999999999998,1.0,0.8616438356164383,37.0,0.820073511251348
29.765,1.0,0.9222972972972973,39.0,0.8200932096824014
30.095,1.0,0.9859154929577465,40.0,0.8800561886604639
30.29,1.0,0.9733333333333334,41.0,0.8800350937705662
30.490000000000002,1.0,0.961038961038961,42.0,0.8800119480239954
30.755000000000003,1.0,0.958904109589041,41.0,0.8800251769758118
30.949999999999996,1.0,0.9620253164556962,43.0,0.9000396466584718
31.214999999999996,1.0,0.9397590361445783,44.0,0.9000337609262192
31.415,1.0,0.8918918918918919,41.0,0.8000083027864203
31.615000000000002,1.0,0.918918918918919,41.0,0.8200096840465365
31.874999999999993,1.0,0.926829268292683,44.0,0.9199995783667922
32.074999999999996,1.0,0.9302325581395349,45.0,0.9199995081441006
32.27,1.0,0.925,41.0,0.920032061595429
32.605,1.0,0.948051948051948,45.0,0.9199995111628949
32.800000000000004,1.0,0.948051948051948,44.0,0.9400083071234474
32.99999999999999,1.0,0.9873417721518988,49.0,1.0399997984145437
33.26,1.0,0.9493670886075949,44.0,0.9400193282306661
33.525,1.0,0.9625,45.0,0.9400441281956062
33.725,1.0,0.9753086419753086,45.0,1.0600123705385731
33.99,1.0,0.9431818181818182,48.0,1.540129712747333
34.184999999999995,1.0,0.9659090909090909,49.0,1.572027969439894
34.385,1.0,0.9787234042553191,52.0,1.6004263954996572
34.65,1.0,0.9797979797979798,52.0,1.510833216611689
34.845000000000006,1.0,0.963302752293578,53.0,1.5232813544075894
35.11000000000001,1.0,0.9469026548672567,54.0,1.5170358131930228
35.37499999999999,1.0,0.9626168224299065,54.0,1.5254409937005424
35.57,1.0,0.9278350515463918,50.0,1.3388991272349429
35.835,1.0,0.875,45.0,1.2439456273203358
36.035000000000004,1.0,0.9428571428571428,53.0,1.262135085124278
36.300000000000004,1.0,0.9489795918367347,52.0,1.28637703036519
36.495,1.0,0.8958333333333334,50.0,1.1310318654457676
36.695,1.0,0.8631578947368421,47.0,0.9540465975961078
36.88999999999999,1.0,0.88,50.0,1.1481270734677287
37.089999999999996,1.0,0.900990099009901,52.0,1.1199944991465491
37.355,1.0,0.8857142857142857,53.0,1.5672904148530669
37.62,1.0,0.8627450980392157,47.0,1.3448904402804538
37.815000000000005,1.0,0.9439252336448598,54.0,1.573824714847308
38.01499999999999,1.0,0.9401709401709402,57.0,1.6487987495820553
38.279999999999994,1.0,0.957983193277311,60.0,1.634925380021372
38.54,1.0,0.8738738738738738,47.0,1.524827443604943
38.74,1.0,0.8818181818181818,45.0,1.3603959902003693
38.940000000000005,1.0,0.85,47.0,1.2683791209875268
39.27,1.0,0.9105691056910569,51.0,1.460600393560095
39.464999999999996,1.0,0.948905109489051,55.0,1.3925871648466677
39.73,1.0,0.9375,55.0,1.0650630906078389
39.995,1.0,0.9411764705882353,55.0,1.3463039507817167
40.190000000000005,1.0,0.9256756756756757,53.0,0.9568789182323403
40.38999999999999,1.0,0.9764705882352941,69.0,1.573177700576591
40.654999999999994,1.0,0.9712643678160919,61.0,1.4331335618485814
40.85,1.0,0.9520958083832335,61.0,1.4399652593458014
41.115,1.0,0.9515151515151515,63.0,1.436271259251762
41.315000000000005,1.0,0.9476744186046512,66.0,1.4348121596390473
41.51499999999999,1.0,0.9617486338797814,74.0,1.4485219787593548
41.839999999999996,1.0,0.9488636363636364,66.0,1.346587036059946
42.105,1.0,0.9405405405405406,74.0,1.3186843381712798
42.305,1.0,0.9392265193370166,63.0,1.249989063419603
42.57,1.0,0.9651162790697675,63.0,1.1497784283823607
42.76499999999999,1.0,0.9518072289156626,63.0,1.1019408403545643
43.029999999999994,1.0,0.9325153374233128,58.0,1.0932938544625257
43.23,1.0,0.9534883720930233,68.0,1.4126262022511284
43.49,1.0,0.9371428571428572,60.0,1.453883436604946
43.690000000000005,1.0,0.9453551912568307,55.0,1.4380095004232465
43.955000000000005,1.0,0.9028571428571428,57.0,1.4450940318543586
44.220000000000006,1.0,0.9555555555555556,67.0,1.441777930405649
44.415,1.0,0.9651162790697675,58.0,1.423194276994949
44.68,1.0,0.9618320610687023,49.0,1.3400247483729968
44.88,1.0,0.9465648854961832,49.0,1.251716549348628
45.13999999999999,1.0,0.9548872180451128,53.0,1.253298343416307
45.339999999999996,1.0,0.9333333333333333,51.0,1.2143433408549746
45.54,1.0,0.9696969696969697,54.0,1.3966487611932
45.805,1.0,0.9551282051282052,59.0,1.3996735022125728
46.065000000000005,1.0,0.9828571428571429,67.0,1.383610680951179
46.26499999999999,1.0,0.96045197740113,73.0,1.3759301397263322
46.46,1.0,0.9692307692307692,72.0,1.3863921696123378
46.79,1.0,0.9845360824742269,64.0,1.3730131561947148
46.99,1.0,0.9593908629441624,58.0,1.362953783450807
47.190000000000005,1.0,0.9870967741935484,54.0,1.3108397898305613
47.385,1.0,0.9548872180451128,47.0,1.2038288017863568
47.65,1.0,0.9661016949152542,50.0,1.1251840430250026
47.915,1.0,0.953125,57.0,1.3932517105396771
48.115,1.0,0.9867549668874173,71.0,1.4511136943211376
48.37499999999999,1.0,0.9661016949152542,79.0,1.43012028027614
48.63999999999999,1.0,0.9880952380952381,71.0,1.4038076570882958
48.839999999999996,1.0,0.9461077844311377,66.0,1.4077817277923312
49.105,1.0,0.9673202614379085,59.0,1.380883189994445
49.300000000000004,1.0,0.9545454545454546,58.0,1.2574027016300573
49.565000000000005,1.0,0.9507042253521126,56.0,1.2135469467633495
49.830000000000005,1.0,0.9784172661870504,62.0,1.3996270653649707
50.025,1.0,0.9851851851851852,56.0,1.4035885751207755
50.225,1.0,0.9929577464788732,52.0,1.3868368835494482
50.49,1.0,0.9745222929936306,57.0,1.3777028418333703
50.684999999999995,1.0,1.0,69.0,1.4047161094308698
50.949999999999996,1.0,0.9781420765027322,63.0,1.4097762142754962
51.15,1.0,0.9940476190476191,69.0,1.4034318680089828
51.415,1.0,0.9731543624161074,57.0,1.2686110694984214
51.61000000000001,1.0,0.9657534246575342,58.0,1.2341747165591501
51.940000000000005,1.0,0.968503937007874,58.0,1.4136851811065207
52.13999999999999,1.0,1.0,57.0,1.429203432053365
52.404999999999994,1.0,0.9878787878787879,68.0,1.3888781299887185
52.6,1.0,0.975,60.0,1.3548903229674374
52.865,1.0,0.9832402234636871,69.0,1.4078357816060696
53.059999999999995,1.0,0.9838709677419355,71.0,1.3680055766109924
53.26,1.0,0.9705882352941176,69.0,1.3605089322265367
53.589999999999996,1.0,1.0,59.0,1.2797929188978456
53.79,1.0,0.9512195121951219,51.0,1.1737254023349901
54.050000000000004,1.0,0.981651376146789,51.0,1.3725494520259542
54.24999999999999,1.0,0.9612403100775194,46.0,1.297778354198075
54.51499999999999,1.0,0.9084507042253521,49.0,1.281816656479066
54.714999999999996,1.0,0.967741935483871,56.0,1.3447356077129595
54.910000000000004,1.0,0.9876543209876543,59.0,1.3570986455210936
55.24,1.0,0.9867549668874173,54.0,1.2126776955490188
55.440000000000005,1.0,0.9637681159420289,53.0,1.3267793933239553
55.635,1.0,0.9928571428571429,57.0,1.3531893375178465
55.9,1.0,0.9635036496350365,59.0,1.3504623741014452
56.1,1.0,0.9672131147540983,53.0,1.3531566956106618
56.43,1.0,0.965034965034965,61.0,1.3335156792562795
56.62499999999999,1.0,0.9591836734693877,59.0,1.291240787858689
56.824999999999996,1.0,0.9411764705882353,55.0,1.2050501619792726
57.025,1.0,0.9666666666666667,62.0,1.340338562749415
57.285000000000004,1.0,0.9850746268656716,55.0,1.3265206741759048
57.550000000000004,1.0,0.9855072463768116,53.0,1.322536194283914
57.74999999999999,1.0,0.9763779527559056,53.0,1.3084545267310213
57.945,1.0,0.9769230769230769,54.0,1.3513725989367846
58.21,1.0,0.9477611940298507,52.0,1.3162279578001257
58.410000000000004,1.0,0.9513888888888888,61.0,1.3054547158023333
58.605,1.0,0.9694656488549618,54.0,1.335007991987186
58.934999999999995,1.0,0.9574468085106383,60.0,1.3608164596824572
59.199999999999996,1.0,0.9416058394160584,49.0,1.298680248524879
59.4,1.0,0.9523809523809523,54.0,1.3373088145974372
59.660000000000004,1.0,0.9615384615384616,47.0,1.3044528499266934
59.86000000000001,1.0,0.9848484848484849,60.0,1.313859018404418
60.12499999999999,1.0,0.9696969696969697,56.0,1.219229909605739
60.324999999999996,1.0,0.9925373134328358,60.0,1.2770476816395218
60.52,1.0,0.9112903225806451,49.0,1.2406849549172287
60.785000000000004,1.0,0.953125,55.0,1.306200128433006
60.98,1.0,0.9846153846153847,59.0,1.3026168557144642
61.18,1.0,0.9743589743589743,55.0,1.2941352193806834
61.445,1.0,0.9612403100775194,55.0,1.2698086535336623
61.71,1.0,0.959349593495935,49.0,1.218410103465833
61.970000000000006,1.0,0.986013986013986,61.0,1.2955544012476599
62.169999999999995,1.0,0.9166666666666666,46.0,1.2106650940497758
62.434999999999995,1.0,0.9855072463768116,59.0,1.2866178309819143
62.63,1.0,0.937984496124031,48.0,1.2260410549853222
62.895,1.0,0.9782608695652174,55.0,1.3251858589819276
63.095000000000006,1.0,0.9763779527559056,55.0,1.2730222339498758
63.36000000000001,1.0,0.9285714285714286,49.0,1.3113282230705163
63.555,1.0,0.984,53.0,1.2683321094063544
63.82,1.0,0.9921875,58.0,1.3390092999327918
64.02000000000001,1.0,0.9912280701754386,54.0,1.2056652634960998
64.28,1.0,0.9380530973451328,50.0,1.1457562348147223
64.47999999999999,1.0,0.975609756097561,53.0,1.193384229806302
64.68,1.0,0.9285714285714286,48.0,1.0903115441517408
64.94,1.0,0.9298245614035088,48.0,1.1204625428007493
65.20500000000001,1.0,0.9298245614035088,50.0,1.1397431001173288
65.405,1.0,0.9304347826086956,49.0,1.138540207817928
65.66999999999999,1.0,0.9279279279279279,48.0,1.1390791685934285
65.86500000000001,1.0,0.923728813559322,52.0,1.1367974726177905
66.13,1.0,0.95,55.0,1.1788935948913348
66.33000000000001,1.0,0.9478260869565217,53.0,1.181182568510688
66.59,1.0,0.9482758620689655,54.0,1.1783735408599378
66.78999999999999,1.0,0.9369369369369369,50.0,1.179130867618296
67.055,1.0,0.944954128440367,50.0,1.1790230287306056
67.25,1.0,0.9478260869565217,53.0,1.1771228347486802
67.44999999999999,1.0,0.9734513274336283,54.0,1.1736959801475255
67.65,1.0,0.972972972972973,54.0,1.1743266478583445
67.91499999999999,1.0,0.9385964912280702,51.0,1.154027548580459
68.11000000000001,1.0,0.9913793103448276,55.0,1.2208361664627019
68.31,1.0,0.9912280701754386,55.0,1.216786705233337
68.57,1.0,0.990990990990991,53.0,1.2158175556014736
68.83500000000001,1.0,0.9912280701754386,53.0,1.2159602721638851
69.1,1.0,0.9913793103448276,55.0,1.2101190359129559
69.30000000000001,1.0,0.9915254237288136,56.0,1.2171743783889168
69.56,1.0,0.9369369369369369,49.0,1.1607438300969792
69.75999999999999,1.0,0.9652173913043478,53.0,1.2134622903256198
70.025,1.0,0.9649122807017544,51.0,1.211655189552412
70.225,1.0,0.9658119658119658,52.0,1.2065666506794828
70.48500000000001,1.0,0.9739130434782609,52.0,1.2078825047758468
70.685,1.0,0.9391304347826087,51.0,1.1628837330432953
70.88,1.0,0.9649122807017544,51.0,1.2119061580589832
71.08000000000001,1.0,0.9642857142857143,50.0,1.2132561811122828
71.41,1.0,0.972972972972973,52.0,1.2101121586996415
71.67500000000001,1.0,0.9646017699115044,54.0,1.1872718015775403
71.87,1.0,0.9914529914529915,56.0,1.2166759651893722
72.13499999999999,1.0,0.9646017699115044,51.0,1.1915289392720076
72.33500000000001,1.0,0.9649122807017544,53.0,1.208468134420255
72.53,1.0,0.9658119658119658,52.0,1.2079563208458637
72.79499999999999,1.0,0.9636363636363636,50.0,1.212426119213379
73.06,1.0,0.9646017699115044,50.0,1.2130280256443515
73.25999999999999,1.0,0.9915254237288136,57.0,1.2101092585030315
73.45500000000001,1.0,0.9652173913043478,54.0,1.2068306063178493
73.72,1.0,0.967479674796748,55.0,1.1675120336818385
73.91999999999999,1.0,0.6558558558558558,28.0,0.9424595702969638
74.11500000000001,1.0,0.7,28.0,0.8959800873930763
74.315,1.0,0.4670833333333333,19.0,0.7835897301324262
74.51499999999999,1.0,0.5416666666666667,26.0,0.6225270474255731
74.71000000000001,1.0,0.26590909090909093,13.0,0.7099487267772345
74.975,0.0,0.0,0.0,0.0
75.16999999999999,0.0,0.0,0.0,0.0
75.435,1.0,0.963302752293578,40.0,1.1839506647018823
75.63499999999999,1.0,0.967032967032967,40.0,1.1716899916124408
75.9,1.0,0.8948369565217391,37.0,1.0548896580069154
76.095,1.0,0.8470588235294118,36.0,0.9183015155485064
76.29499999999999,1.0,0.8539325842696629,38.0,0.9443916261725624
76.56,1.0,0.6964285714285714,30.0,0.9218975929824863
76.755,1.0,0.883720930232558,38.0,1.1627505186285703
76.95500000000001,1.0,1.0,44.0,1.2976800544120737
77.15,1.0,0.9310344827586207,40.0,1.3073327373281907
77.35,1.0,0.9574468085106383,48.0,1.1894487614761737
77.55000000000001,1.0,0.864935064935065,37.0,1.1401198960497303
77.745,1.0,0.48181818181818176,24.0,0.7087597008544878
77.945,1.0,0.7544943820224719,34.0,0.7605386709529951
78.405,1.0,0.6712962962962963,29.0,1.1212222896279802
78.60499999999999,1.0,0.8387096774193549,41.0,1.2898925231413523
78.87,1.0,0.9576271186440678,57.0,1.326654179750811
79.065,1.0,0.8888888888888888,46.0,1.309804350288211
79.26499999999999,1.0,0.9252336448598131,50.0,1.2703988699936182
79.53,1.0,0.9830508474576272,55.0,1.413589998849834
79.725,1.0,0.9666666666666667,52.0,1.2648842577618287
79.99000000000001,1.0,0.9365079365079365,46.0,1.029670004440626
80.19,1.0,0.9532710280373832,46.0,0.9909707556531799
80.44999999999999,1.0,0.9736842105263158,42.0,1.13549380125259
80.65,1.0,0.9703703703703703,43.0,1.2408222942748806
80.91499999999999,1.0,0.9536423841059603,48.0,1.5879615304482595
81.11500000000001,1.0,0.7726415094339623,36.0,1.3591054613850546
81.375,1.0,0.8901098901098901,43.0,1.264906640028319
81.57499999999999,1.0,0.9181818181818182,54.0,2.396166391960358
81.84,1.0,0.8638157894736842,39.0,1.1236431394299702
82.10499999999999,1.0,0.8952380952380953,41.0,1.0870343585111755
82.30000000000001,1.0,0.7655339805825242,38.0,1.0421050127888145
82.5,1.0,0.7829670329670328,38.0,1.0055258912316576
82.75999999999999,1.0,0.5936746987951808,27.0,0.8260429258174029
82.96000000000001,1.0,0.7791666666666666,34.0,1.004317619966852
83.16,1.0,0.9369369369369369,46.0,1.1095056894723545
83.35499999999999,1.0,1.0,40.0,1.0014955276756357
83.555,1.0,0.9823008849557522,41.0,1.2722820027625419
83.88499999999999,1.0,0.968503937007874,44.0,1.3623418453391256
84.08000000000001,1.0,0.9927536231884058,49.0,1.4930440765316026
84.28,1.0,0.9734513274336283,45.0,1.3931249078886232
84.47999999999999,1.0,0.990909090909091,46.0,1.488217911732471
84.67500000000001,1.0,0.9514563106796117,44.0,1.3861979666016553
84.94,1.0,0.967741935483871,43.0,1.2087291419333397
85.13999999999999,1.0,0.9479166666666666,41.0,1.0941099884489385
85.405,1.0,0.8140845070422534,34.0,1.0184257359393167
85.6,1.0,0.5380434782608696,27.0,0.7421170069252492
85.86500000000001,1.0,0.5785714285714286,27.0,0.7297889612077262
86.06,1.0,0.7567567567567568,32.0,1.0014441000646994
86.25999999999999,1.0,0.5681818181818181,25.0,1.1206799386178985
86.525,1.0,0.9545454545454546,40.0,0.8711140804223914
86.725,1.0,0.6852739726027397,29.0,0.8547977693621618
86.91999999999999,1.0,0.7073684210526316,32.0,0.8716185371172726
87.185,1.0,0.925,43.0,1.068034480877906
87.38,1.0,0.963302752293578,44.0,1.3028213701991787
87.58000000000001,1.0,0.7747787610619469,34.0,1.1455107282980803
87.845,1.0,0.9669421487603306,40.0,1.4018293853220034
88.03999999999999,1.0,0.9754098360655737,44.0,1.401848090525399
88.305,1.0,0.96,41.0,1.3441292438653065
88.505,1.0,0.9489795918367347,41.0,1.1455670250976062
88.77000000000001,1.0,0.9777777777777777,44.0,1.4279833641049957
88.965,1.0,0.7906976744186046,34.0,1.0645037713180194
89.22999999999999,1.0,0.745945945945946,32.0,0.9995905983373756
89.43,1.0,0.6472602739726028,30.0,0.8199260991782202
89.625,1.0,0.5478571428571429,26.0,0.799384962771738
89.88999999999999,1.0,0.9245283018867925,45.0,1.2349061007835807
90.09,1.0,0.8057142857142857,36.0,1.4085198662207694
90.285,1.0,0.8898305084745762,52.0,1.570296320585372
90.55000000000001,1.0,0.9791666666666666,44.0,1.415822732451907
90.75,1.0,0.9619047619047619,43.0,1.3598051099652064
90.945,1.0,0.7499999999999999,33.0,1.3429070813228021
91.14500000000001,1.0,0.7607142857142857,33.0,1.217229822142347
91.41,1.0,0.35062499999999996,17.0,0.6525199160783363
91.66999999999999,0.0,0.0,0.0,0.0
91.87,0.0,0.0,0.0,0.0
92.07,1.0,0.3875,18.0,0.5324979682747839
92.26499999999999,1.0,0.4574468085106383,20.0,0.5813526673149558
92.595,0.0,0.0,0.0,0.0
92.79499999999999,0.0,0.0,0.0,0.0
92.99000000000001,0.0,0.0,0.0,0.0
93.19,1.0,0.23214285714285715,13.0,0.44183973424091144
93.38999999999999,1.0,0.8826797385620916,37.0,0.931317393345175
93.58500000000001,1.0,0.6109550561797752,29.0,0.858834756630705
93.85,1.0,0.8105504587155963,38.0,1.1533310527983445
94.05000000000001,1.0,0.9343065693430657,46.0,1.513214299928599
94.315,1.0,0.9578947368421052,40.0,1.2541662379048328
94.50999999999999,1.0,0.9901960784313726,46.0,1.4144754736541025
94.71000000000001,1.0,0.9910714285714286,44.0,1.4421266680557427
94.905,1.0,0.96875,45.0,1.3763257457840603
95.17000000000002,1.0,0.9727272727272728,44.0,1.3859370491785454
95.37,1.0,0.9393939393939394,45.0,1.183205115167958
95.565,1.0,0.9176136363636364,38.0,1.127904737928959
95.83000000000001,1.0,0.967391304347826,43.0,1.2206415254479868
96.095,1.0,0.6126760563380281,29.0,0.9219499648461431
96.29000000000002,1.0,0.696,29.0,0.9219307876324199
96.49000000000001,1.0,0.82875,34.0,1.0070317250121166
96.69,1.0,0.87875,37.0,0.9361730436193649
96.95000000000002,1.0,0.5625000000000001,27.0,0.739814242216125
97.15,1.0,0.7407407407407408,32.0,0.8664499954260881
97.35,1.0,0.8674698795180723,36.0,1.0687316975792487
97.54500000000002,1.0,0.759,33.0,0.9866160897482152
97.81,1.0,0.7006849315068492,33.0,0.911760671476215
98.01000000000002,1.0,0.6572784810126582,31.0,0.8246098093894556
98.27000000000001,1.0,0.6279411764705882,28.0,0.9248984511345729
98.47,1.0,0.7955128205128205,34.0,1.0447939443078913
98.67000000000002,1.0,0.5275362318840581,26.0,0.7609590382329551
98.93,1.0,0.6134615384615384,29.0,0.7602061254028134
99.13,1.0,0.8589743589743589,41.0,0.9001895104982275
99.39500000000001,1.0,0.956140350877193,56.0,1.1540224815387001
99.59,1.0,0.9285714285714286,53.0,1.3044075915333875
99.79000000000002,1.0,0.9338842975206612,40.0,1.3371566938142527
99.99000000000001,1.0,0.958041958041958,48.0,1.2812039569926084
100.185,1.0,0.9047619047619048,43.0,1.2702426364777852
100.38500000000002,1.0,0.9402985074626866,47.0,1.2391379186147775
100.58000000000001,1.0,0.8671875,37.0,1.170480613970022
100.78,1.0,0.75625,33.0,0.9171948949382371
100.98000000000002,1.0,0.45,21.0,0.840892697018558
101.17500000000001,1.0,0.4197674418604651,19.0,0.6356062836649917
101.375,1.0,0.4794871794871795,22.0,0.7396533976836581
101.57,0.0,0.0,0.0,0.0
101.77000000000001,1.0,0.5375,25.0,0.7545664156787257
101.97,1.0,0.9456521739130435,40.0,1.2235492047723555
102.16500000000002,1.0,0.9072164948453608,45.0,1.2270970081228634
102.36500000000001,1.0,1.0,47.0,1.3164304674281648
102.56,1.0,0.8354838709677419,37.0,1.214546664778037
102.76000000000002,1.0,0.9512195121951219,48.0,1.2187428527649675
102.96000000000001,1.0,0.935251798561151,40.0,1.2810119218682843
103.155,1.0,0.9370629370629371,43.0,1.1895590661336908
103.35500000000002,1.0,0.9553571428571429,44.0,1.3253921853289028
103.55000000000001,1.0,0.9568965517241379,45.0,1.3329597757374287
103.75,1.0,0.9325842696629213,45.0,1.2924383082858861
103.95000000000002,1.0,0.9006578947368422,37.0,1.1554774123812481
104.14500000000001,1.0,0.6896551724137931,32.0,0.9659231359376279
104.345,1.0,0.7045454545454546,30.0,0.9329478342143942
104.54000000000002,1.0,0.8919642857142858,37.0,1.1976380889992668
104.74000000000001,1.0,0.8445652173913043,37.0,0.913014154517507
104.94,1.0,0.9576271186440678,43.0,1.214710607920749
105.13500000000002,1.0,0.8937499999999999,39.0,1.215828826219891
105.33500000000001,1.0,0.9621212121212122,46.0,1.468587892568884
105.53,1.0,0.8004166666666667,34.0,1.145176594393202
105.73000000000002,1.0,0.8116071428571429,36.0,1.0327439510386776
105.93,1.0,0.9402985074626866,51.0,1.2955499846617293
106.125,1.0,0.73,32.0,1.0932975022725708
106.32500000000002,1.0,0.9243697478991597,48.0,0.9188078998920459
106.525,1.0,0.9166666666666666,40.0,0.7459126835143519
106.72,1.0,0.8726744186046511,38.0,1.085608406135178
106.92000000000002,1.0,0.989247311827957,61.0,1.2607514239707203
107.11500000000001,1.0,0.9754601226993865,59.0,1.4890317692842199
107.315,1.0,0.9459459459459459,56.0,1.466037983752273
107.51500000000001,1.0,0.6400000000000001,32.0,1.0545109941226765
107.71000000000001,1.0,0.462987012987013,23.0,0.8285387187254618
107.91,1.0,0.40932203389830507,23.0,0.707065627286642
108.10500000000002,1.0,0.2221590909090909,17.0,0.6118426694728795
108.305,0.0,0.0,0.0,0.0
108.505,1.0,0.5816860465116279,29.0,1.0887473698586374
108.70000000000002,1.0,0.9090909090909091,44.0,1.3038341206458266
108.9,1.0,0.7278761061946902,35.0,1.1031993952810037
109.095,1.0,0.8312499999999999,38.0,1.1768174490897927
109.29500000000002,1.0,0.7451923076923077,31.0,0.8808986375839691
109.49000000000001,1.0,0.7593749999999999,33.0,0.8354101054956788
109.69,1.0,0.7473684210526317,32.0,0.8983479920739497
109.89000000000001,1.0,0.9179775280898876,38.0,1.0136765337382505
110.08500000000001,1.0,0.6172297297297297,29.0,0.809933498237879
110.285,1.0,0.6923076923076923,30.0,0.9234371329205009
110.48000000000002,1.0,0.7466666666666667,32.0,0.9024390618739125
110.68,1.0,0.5929054054054055,27.0,0.789175397518756
110.88,1.0,0.5463768115942029,26.0,0.8059638029958966
111.07500000000002,1.0,0.8354838709677419,37.0,1.570531578860037
111.275,1.0,0.8823529411764706,48.0,1.4258727226764292
111.47,1.0,0.9202898550724637,63.0,1.387670059551418
111.67000000000002,1.0,0.912621359223301,43.0,1.2657589282068091
111.87,1.0,0.9230769230769231,65.0,1.1174460285240357
112.065,1.0,0.9760479041916168,63.0,1.034672823169645
112.26500000000001,1.0,0.9786096256684492,60.0,1.0923014283687937
112.46000000000001,1.0,0.8156779661016949,35.0,0.9316883140597627
112.66,1.0,0.9642857142857143,44.0,0.8614001278216946
112.86000000000001,1.0,0.8303571428571429,35.0,0.8195241405884635
113.055,1.0,0.7015789473684211,31.0,0.8703991969439347
113.255,1.0,0.7542857142857143,32.0,0.8707706276130764
113.45000000000002,1.0,0.46779661016949153,23.0,0.8607152039063511
113.65,1.0,0.371875,17.0,0.8208766029143753
113.85,0.0,0.0,0.0,0.0
114.04500000000002,0.0,0.0,0.0,0.0
114.245,1.0,0.3125,14.0,0.46639044382811845
114.44,1.0,0.7846153846153846,34.0,1.0401921139803258
114.64000000000001,1.0,0.8807291666666667,38.0,1.1476904986945131
114.84,1.0,0.9279279279279279,48.0,1.933336333134609
115.035,1.0,0.8612068965517241,37.0,1.7053616586926232
115.23500000000001,1.0,0.8884868421052632,37.0,1.0383128832857043
115.43,1.0,0.7063291139240506,31.0,0.8943749253288764
115.63,1.0,0.6164179104477612,28.0,0.8061034324982101
115.83000000000001,1.0,0.5777777777777777,26.0,0.8209510269076705
116.025,1.0,0.7012987012987013,30.0,0.920734442099413
116.225,1.0,0.9479166666666666,49.0,1.5230130074570734
116.49000000000001,1.0,0.987603305785124,86.0,1.355263423603164
116.75,1.0,0.9540229885057471,59.0,1.2380375745040968
116.95000000000002,1.0,0.9423076923076923,48.0,1.209189148417352
117.15,1.0,0.9192857142857143,39.0,1.1722819621587148
117.345,1.0,0.9523809523809523,40.0,1.0229077346397912
117.67500000000001,1.0,0.6176470588235293,28.0,0.8330222328736645
117.875,1.0,0.446875,22.0,0.604750624030694
118.14000000000001,0.0,0.0,0.0,0.0
118.33500000000001,1.0,0.21,12.0,0.3856807726651219
118.535,0.0,0.0,0.0,0.0
118.80000000000001,1.0,0.6222222222222221,28.0,0.9150437409465741
118.995,1.0,0.6154411764705883,27.0,0.7322622172988789
119.195,1.0,0.6279411764705882,28.0,0.8754325454835519
119.39000000000001,1.0,0.9082417582417582,38.0,0.81106939178781
119.655,1.0,0.5506849315068493,24.0,0.6912684873689501
119.85500000000002,1.0,0.4056603773584906,20.0,0.6194462308152723
120.05000000000001,1.0,0.61875,27.0,0.6618698303225519
120.315,1.0,0.26249999999999996,14.0,0.7170279470755113
120.51500000000001,1.0,0.2683333333333333,14.0,0.6082499056030832
120.715,1.0,0.25555555555555554,16.0,1.1710440111955054
120.975,1.0,0.9130434782608695,62.0,2.3674364801224796
121.17500000000001,1.0,0.9724137931034482,64.0,2.166398094884519
121.505,1.0,0.9754901960784313,85.0,1.769286951228049
121.77000000000001,1.0,0.954248366013072,54.0,1.5374958482190362
122.03,1.0,0.9285714285714286,45.0,1.2752409989105908
122.23000000000002,1.0,0.765,34.0,1.0247240655532854
122.43,1.0,0.7643382352941176,33.0,0.88551254547818
122.69,1.0,0.47978723404255325,22.0,0.7223156767399593
122.89000000000001,1.0,0.19999999999999998,12.0,0.47038029363514766
123.09,0.0,0.0,0.0,0.0
123.285,0.0,0.0,0.0,0.0
123.48500000000001,1.0,0.3991935483870968,22.0,0.6933627187164748
123.75,1.0,0.3815573770491803,19.0,0.5009076603096375
123.945,1.0,0.5,24.0,0.6644036762012024
124.21000000000001,1.0,0.5732558139534883,29.0,0.7205233608934476
124.41,1.0,0.59,28.0,0.7403641138798294
124.67000000000002,1.0,0.44649999999999995,19.0,0.647420061085628
124.87,1.0,0.5090909090909091,21.0,0.6309832236889514
125.07,1.0,0.22749999999999998,14.0,2.15752888977116
125.33000000000001,1.0,0.8947368421052632,65.0,2.353201424552119
125.53,1.0,0.9554455445544554,91.0,2.155552496972658
125.73000000000002,1.0,0.9444444444444444,74.0,1.917624258714858
125.99000000000001,1.0,0.9324894514767933,76.0,1.5793772409877083
126.255,1.0,0.9354838709677419,60.0,1.445420202804479
126.45500000000001,1.0,0.9349112426035503,55.0,1.4168038918920156
126.65,1.0,0.9313725490196079,43.0,1.2591527310673767
126.91500000000002,1.0,0.5330882352941176,25.0,0.815771444112463
127.11500000000001,1.0,0.2930232558139535,18.0,0.7227126509977654
127.315,1.0,0.37777777777777777,17.0,0.7528603726517817
127.57500000000002,1.0,0.33333333333333337,16.0,0.5009330735832551
127.775,1.0,0.4186046511627907,20.0,0.4835161164879585
128.04000000000002,1.0,0.4927083333333334,22.0,0.5927020604101856
128.235,1.0,0.4326923076923077,18.0,0.5107350418975594
128.5,0.0,0.0,0.0,0.0
128.70000000000002,1.0,0.38353658536585367,17.0,0.5166321188800487
128.96,1.0,0.45,20.0,0.4999974377695412
129.16,1.0,0.2192307692307692,12.0,0.38467088334948124
129.36,0.0,0.0,0.0,0.0
129.555,1.0,0.20689655172413793,12.0,0.617665321476313
129.82,1.0,0.9880952380952381,42.0,1.2191537227000198
130.02,1.0,0.978494623655914,45.0,1.3649468845930612
130.215,1.0,0.8657051282051282,37.0,1.0647025315969887
130.41500000000002,1.0,0.8375,36.0,1.0437510115758646
130.68,1.0,0.5459558823529412,27.0,0.7138003211822678
130.875,1.0,0.63,27.0,0.8260384179071192
131.07500000000002,1.0,0.5853174603174603,25.0,0.8835173910778478
131.34,1.0,0.5869565217391305,27.0,0.820967822875668
131.535,1.0,0.6618181818181817,28.0,0.9402106274876818
131.735,1.0,0.47183098591549294,20.0,0.9399952692666759
132.065,1.0,0.5398305084745763,26.0,0.9207527118550405
132.26000000000002,1.0,0.5754098360655737,27.0,0.600052709435168
132.525,1.0,0.6428571428571428,30.0,0.6000129687336021
132.725,1.0,0.8858108108108108,38.0,0.7600694379269788
132.925,1.0,0.9229999999999999,39.0,0.8400768387425103
133.185,1.0,0.9875,46.0,0.9
133.38500000000002,1.0,0.9583333333333334,42.0,0.8999999806896393
133.58,1.0,0.9195402298850575,45.0,0.9199994913170546
133.845,1.0,0.926829268292683,42.0,0.8599608041171963
134.11,1.0,0.7331081081081081,35.0,0.7200603811223694
134.31,1.0,0.8674698795180723,41.0,0.880515686353601
134.57,1.0,0.9029126213592233,44.0,1.3271119007967314
134.77,1.0,0.949685534591195,54.0,1.4262631164238817
135.035,1.0,0.9606741573033708,65.0,1.4470464834054062
135.3,1.0,0.9022556390977443,42.0,1.2376420967115482
135.495,1.0,0.9104477611940298,55.0,1.3124343319445115
135.76000000000002,1.0,0.6441176470588235,30.0,0.9207139079968487
135.96,1.0,0.43046874999999996,19.0,0.8236690312394526
136.155,1.0,0.7143382352941177,29.0,0.8495983896889734
136.42000000000002,1.0,0.43214285714285716,22.0,0.6867273486445405
136.62,0.0,0.0,0.0,0.0
136.815,0.0,0.0,0.0,0.0
137.01500000000001,0.0,0.0,0.0,0.0
137.215,1.0,0.991304347826087,43.0,1.4565012981215921
137.41,1.0,0.9550561797752809,45.0,1.076666215743462
137.675,1.0,0.9020202020202019,38.0,1.042815759147091
137.94,1.0,0.9542553191489361,39.0,0.9400624144117936
138.13500000000002,1.0,0.5842696629213483,26.0,0.8293861183725704
138.4,1.0,0.7376470588235294,33.0,0.8853536362507217
138.6,1.0,0.9127659574468086,39.0,1.0464812703731745
138.86,1.0,0.8551136363636364,35.0,1.2881974912709215
139.06,1.0,0.9666666666666667,41.0,1.0647063827493515
139.26000000000002,1.0,0.8951612903225807,37.0,1.0644766823675476
139.455,1.0,0.741304347826087,31.0,0.9995997451149864
139.72,1.0,0.7974683544303798,35.0,1.035658690152164
139.92000000000002,1.0,0.9263157894736842,40.0,1.0533252617738778
140.115,1.0,0.9065420560747663,40.0,1.1261198557814958
140.315,1.0,0.952755905511811,48.0,1.4039377448802615
140.51500000000001,1.0,0.9712230215827338,56.0,1.3489260464220658
140.84,1.0,0.9806451612903225,49.0,1.2961247656701813
141.04000000000002,1.0,0.9682539682539683,48.0,1.282625914743536
141.305,1.0,0.9398496240601504,43.0,1.2860630416889038
141.57,1.0,0.9349593495934959,53.0,1.2481814757120457
141.76500000000001,1.0,0.8411214953271028,36.0,1.1018315857596515
142.03,1.0,0.91875,39.0,0.9959715352157105
142.23000000000002,1.0,0.963963963963964,46.0,1.01667836886307
142.425,1.0,0.97,44.0,1.1934519401012629
142.625,1.0,0.9213302752293577,39.0,1.2310951680813478
142.82500000000002,1.0,0.9769230769230769,54.0,1.684436665699602
143.02,1.0,0.9026548672566371,40.0,1.2425739566577452
143.285,1.0,0.9278350515463918,45.0,1.4321912750204218
143.48000000000002,1.0,0.9074074074074074,43.0,2.4023286251312133
143.745,1.0,0.8901098901098901,42.0,1.1962098716772291
143.945,1.0,0.8899082568807339,40.0,1.268071483126167
144.14000000000001,1.0,0.56640625,29.0,0.7399028485104436
144.34,1.0,0.572196261682243,31.0,0.7068735712106247
144.60500000000002,1.0,0.7920454545454545,34.0,0.823851682398242
144.87,1.0,0.9444444444444444,40.0,1.0665746149916473
145.065,1.0,0.7609223300970873,33.0,0.8075438073828701
145.26500000000001,1.0,0.9504132231404959,47.0,1.1889037415580903
145.46,1.0,0.9357798165137615,46.0,1.1862037827776621
145.66,1.0,0.9512195121951219,43.0,1.2805552122770627
145.86,1.0,0.9758064516129032,45.0,1.3340959812624953
146.125,1.0,1.0,47.0,1.5338109674679408
146.32,1.0,0.9831932773109243,52.0,1.5727529220298297
146.52,1.0,0.890625,39.0,1.103431589185305
146.715,1.0,1.0,46.0,1.5597368072698723
146.91500000000002,1.0,0.9882352941176471,44.0,1.3257304292898908
147.18,1.0,0.7925675675675675,34.0,1.0924115333840463
147.375,1.0,0.6611842105263157,30.0,0.796618105875833
147.57500000000002,1.0,0.6770833333333334,30.0,0.8318102864634176
147.77,1.0,0.6915584415584415,30.0,0.9475398959030248
148.035,1.0,0.5654761904761905,25.0,0.8800690339863245
148.235,1.0,0.7837662337662338,34.0,0.9425755093261456
148.5,1.0,0.6078947368421053,28.0,0.7394772776924462
148.695,1.0,0.875,35.0,1.0196082865079088
148.96,1.0,0.7658415841584159,34.0,1.035670577705421
149.16,1.0,0.81,36.0,1.0879594223587985
149.35500000000002,1.0,0.9611650485436893,41.0,1.2175336246559687
149.555,1.0,0.9615384615384616,41.0,1.2309367425600737
149.75,1.0,0.9558823529411765,44.0,1.3750954756309284
150.01500000000001,1.0,0.9658119658119658,43.0,1.4300599467974735
150.215,1.0,0.9830508474576272,48.0,1.4993245775869435
150.41500000000002,1.0,0.9469026548672567,40.0,1.2457368651749008
150.61,1.0,0.9431818181818182,40.0,1.4399477902676039
150.94,1.0,0.9285714285714285,39.0,1.0295268197012737
151.14000000000001,1.0,0.8085443037974684,35.0,0.9751217749712777
151.335,1.0,0.6678082191780822,30.0,0.8354502948529361
151.535,1.0,0.6670886075949367,31.0,0.8201925307123129
151.8,1.0,0.9230769230769231,47.0,1.064105255288898
152.06,1.0,0.9485294117647058,66.0,1.4641320998570293
152.26000000000002,1.0,0.9098360655737705,48.0,1.349120322968698
152.46,1.0,0.9440559440559441,50.0,1.4489090692745719
152.655,1.0,0.9844961240310077,52.0,1.382651692552962
152.85500000000002,1.0,0.9824561403508771,49.0,1.335788962516322
153.12,1.0,0.8898734177215191,37.0,1.120627634581758
153.315,1.0,0.5499999999999999,23.0,0.8472133389785697
153.58,1.0,0.3535714285714286,18.0,0.5199986714452929
153.78,1.0,0.3326086956521739,18.0,0.6081165822352921
153.975,1.0,0.767361111111111,34.0,1.2880238727623443
154.175,1.0,0.9451530612244897,39.0,1.2021410602214102
154.37,1.0,0.7516025641025641,35.0,0.9602030426513626
154.63500000000002,1.0,0.9702970297029703,48.0,1.4716512667800925
154.9,1.0,0.8725490196078431,41.0,1.1091218230212636
155.16500000000002,1.0,0.8333333333333333,39.0,1.0622710820295216
155.36,1.0,0.847457627118644,42.0,1.2758243775873348
155.56,1.0,0.8902439024390244,52.0,1.4121178140908994
155.82500000000002,1.0,0.9620253164556962,44.0,1.4783349183732142
156.025,1.0,0.9827586206896551,43.0,1.226353444576368
156.22,1.0,0.9566037735849057,39.0,1.4251258559994855
156.42000000000002,1.0,0.967741935483871,45.0,1.331442516322105
156.615,1.0,0.9313725490196079,40.0,1.253593418914077
156.815,1.0,0.9574468085106383,42.0,1.2400239369919843
157.01500000000001,1.0,0.9652173913043478,48.0,1.4706032687787427
157.275,1.0,0.98,40.0,1.1252789456290249
157.475,1.0,0.7627906976744186,32.0,0.9034884141433959
157.805,1.0,0.6263157894736842,28.0,0.9501630520634884
158.005,1.0,0.54,24.0,0.7600890478744904
158.26500000000001,1.0,0.5774096385542169,27.0,0.7179792344168188
158.465,1.0,0.6104651162790697,30.0,0.7280069406044635
158.66,1.0,0.883888888888889,37.0,1.0279658109610004
158.925,1.0,0.7531645569620252,34.0,0.8602207213641876
159.125,1.0,0.864,36.0,0.9929620574367414
159.32500000000002,1.0,0.73,32.0,0.8601158837250238
159.585,1.0,0.6492537313432836,29.0,0.8852595740910352
159.785,1.0,0.5753424657534246,28.0,0.7615645817258099
159.98000000000002,1.0,0.6486842105263158,29.0,0.8943899140793461
160.245,1.0,0.5799295774647888,27.0,0.706559596468554
160.445,1.0,0.6535211267605634,29.0,1.0005718127564063
160.775,1.0,0.6267123287671232,30.0,0.920211934449966
160.97,1.0,0.7772727272727273,38.0,0.9207732315845982
161.17000000000002,1.0,0.957983193277311,53.0,1.1119805047957083
161.37,1.0,0.9455782312925171,56.0,1.5279955384147392
161.70000000000002,1.0,0.9307692307692308,46.0,1.1748004454499905
161.895,1.0,0.9663865546218487,43.0,1.2766991669057774
162.095,1.0,0.9708029197080292,46.0,1.2652042529172702
162.36,1.0,0.9411764705882353,40.0,1.1608717981749752
162.555,1.0,0.8475728155339807,36.0,0.9764536755091962
162.755,1.0,0.7042857142857143,29.0,0.925939989725959
163.02,1.0,0.47666666666666674,22.0,0.6160779700348364
163.215,0.0,0.0,0.0,0.0
163.41500000000002,0.0,0.0,0.0,0.0
163.68,1.0,0.8181818181818181,36.0,0.9539508797741298
163.875,1.0,0.9587628865979382,44.0,1.0835438431385365
164.07500000000002,1.0,0.954954954954955,50.0,1.253029398716881
164.27,1.0,0.9926470588235294,55.0,1.3360068647397254
164.47,1.0,0.9291338582677166,48.0,1.2325409668606593
164.735,1.0,0.8828828828828829,41.0,1.2132593909011056
164.93,1.0,0.9551282051282052,45.0,1.3445167729108858
165.26000000000002,1.0,0.9381443298969072,40.0,1.2768644028693341
165.46,1.0,0.963302752293578,49.0,1.3181298272784172
165.66,1.0,0.7925675675675675,34.0,1.0027870242574317
165.85500000000002,1.0,0.6249999999999999,29.0,0.885639702402766
166.12,1.0,0.7561643835616438,32.0,1.0394181738709598
166.32,1.0,0.7261538461538461,32.0,1.0979037003142627
166.51500000000001,1.0,0.978494623655914,40.0,1.0768315032581532
166.715,1.0,0.9745762711864406,41.0,1.2599762773800003
166.98000000000002,1.0,0.9703703703703703,49.0,1.436248022484621
167.175,1.0,0.952,41.0,1.301462422307748
167.44,1.0,0.8783018867924528,38.0,1.060687827473318
167.64000000000001,1.0,0.7085714285714285,31.0,0.9765591908321261
167.905,1.0,0.9122807017543859,49.0,0.9837964604377478
168.1,1.0,0.9122807017543859,45.0,1.0864002939590829
168.3,1.0,1.0,45.0,1.144220022939415
168.56,1.0,0.9727891156462585,65.0,1.1154742851827684
168.76000000000002,1.0,0.7887640449438202,36.0,1.2024035569607656
169.025,1.0,0.9527027027027027,56.0,1.5386923933092354
169.225,1.0,0.8796992481203008,47.0,1.3462819966631456
169.42000000000002,1.0,0.7906626506024097,35.0,0.9878901071292188
169.685,1.0,0.4850746268656717,26.0,0.8116697015129164
169.88,1.0,0.2680851063829787,18.0,0.5885535130158839
170.08,0.0,0.0,0.0,0.0
170.345,1.0,0.788495575221239,36.0,1.2584268637456213
170.54000000000002,1.0,0.8828828828828829,42.0,1.5083245620472772
170.805,1.0,0.76,38.0,0.9701470819767364
171.07,1.0,0.8905263157894737,36.0,1.1603262855498362
171.27,1.0,0.5535714285714286,25.0,0.772768250257527
171.53,1.0,0.8469879518072289,37.0,0.8729655270220057
171.73000000000002,1.0,0.6979166666666667,30.0,0.8616122253852392
171.995,1.0,0.7320422535211267,33.0,0.8919391614034804
172.19,1.0,0.6265432098765431,29.0,0.7277008481949387
172.39000000000001,1.0,0.7036184210526316,31.0,1.0159959505120517
172.59,1.0,0.8132530120481928,36.0,1.45862557058914
172.785,1.0,0.7333333333333334,32.0,1.5953962869407106
172.985,1.0,0.771505376344086,35.0,1.3905120986089738
173.25,1.0,0.9578313253012049,71.0,1.3937918808719414
173.445,1.0,0.9855072463768116,66.0,1.2849733304401552
173.645,1.0,0.9673202614379085,58.0,1.10782265740068
173.84,1.0,0.967479674796748,44.0,1.085347073640697
174.10500000000002,1.0,0.9606299212598425,41.0,0.8998503876363664
174.37,1.0,0.9831932773109243,47.0,0.8010348921491255
174.57,1.0,0.9292035398230089,40.0,0.8435785136294154
174.83,1.0,0.7545454545454546,32.0,0.8394890860942855
175.03,1.0,0.7291139240506329,32.0,0.8773687611876562
175.29500000000002,1.0,0.49811320754716987,22.0,0.9798396248523809
175.49,0.0,0.0,0.0,0.0
175.69,0.0,0.0,0.0,0.0
175.89000000000001,0.0,0.0,0.0,0.0
176.085,1.0,0.2648648648648649,14.0,0.5556854769097822
176.285,1.0,0.9882352941176471,43.0,1.3341509344196307
176.48000000000002,1.0,0.9454545454545454,45.0,1.9680575607455681
176.68,1.0,0.9439252336448598,52.0,1.8991657186130069
176.88,1.0,0.805921052631579,35.0,1.669256837358686
177.14000000000001,1.0,0.5342465753424658,26.0,0.7809798271576993
177.34,1.0,0.65,30.0,0.7692880129591071
177.60500000000002,1.0,0.6117187500000001,27.0,0.9234330846737703
177.805,1.0,0.8181818181818181,35.0,0.9218736402850245
178.065,1.0,0.7516025641025641,35.0,0.8418563681426873
178.33,1.0,0.8578125,36.0,1.372681682546293
178.53,1.0,0.9621621621621622,60.0,1.2706877460723258
178.725,1.0,0.5304347826086957,24.0,0.5631239525031886
178.925,1.0,0.9304347826086956,41.0,1.170402888116973
179.125,1.0,0.9504132231404959,42.0,1.044767994002041
179.32,1.0,0.48512658227848104,21.0,0.8016214700872908
179.585,1.0,0.46375,21.0,0.8078785714702246
179.85,1.0,0.4256756756756757,21.0,0.7099904814261165
180.04500000000002,0.0,0.0,0.0,0.0
180.31,1.0,0.3046875,15.0,0.724967084015324
180.51000000000002,1.0,0.6418032786885246,29.0,0.7822462052277712
180.705,1.0,0.7518656716417911,31.0,1.0188538455763139
180.97,1.0,0.6171428571428572,27.0,0.5598185624660449
181.235,1.0,0.825,33.0,0.8495279022991542
181.43,1.0,0.5827702702702703,25.0,0.6796169803965564
181.695,1.0,0.37596153846153846,17.0,0.6386218607207166
181.895,1.0,0.31794871794871793,16.0,0.6195122987711736
182.09,0.0,0.0,0.0,0.0
182.29000000000002,0.0,0.0,0.0,0.0
182.49,0.0,0.0,0.0,0.0
182.75,1.0,0.8941176470588236,46.0,1.9755035763371034
182.95000000000002,1.0,0.9440993788819876,75.0,2.225709483989587
183.15,1.0,0.9300699300699301,62.0,1.9465512074203266
183.345,1.0,0.9411764705882353,71.0,1.7367512906335665
183.54500000000002,1.0,0.9299363057324841,60.0,1.5802340247226585
183.875,1.0,0.9090909090909091,45.0,1.2301150189882857
184.07,1.0,0.6089673913043478,27.0,0.9815259354755299
184.335,1.0,0.4482758620689655,20.0,0.7455336233783831
184.535,1.0,0.3656976744186046,17.0,0.7223391012164473
184.73000000000002,0.0,0.0,0.0,0.0
184.93,0.0,0.0,0.0,0.0
185.13,0.0,0.0,0.0,0.0
185.39000000000001,1.0,0.5815384615384616,27.0,0.8044200226641673
185.59,1.0,0.3483333333333333,19.0,0.5384887404926171
185.79000000000002,1.0,0.6,28.0,0.6798005859836791
186.05,1.0,0.475,26.0,0.6660644937612465
186.25,1.0,0.52109375,29.0,0.6398439835447991
186.51500000000001,1.0,0.5946808510638298,26.0,0.6764786136340892
186.715,1.0,0.375,16.0,0.6082762431541449
186.91,1.0,0.25517241379310346,16.0,2.3845679558863884
187.11,1.0,0.8695652173913043,48.0,2.091119747499415
187.37,1.0,0.9242424242424242,68.0,2.160832962688978
187.57,1.0,0.9732620320855615,87.0,1.892691118059211
187.835,1.0,0.974025974025974,83.0,1.561138791871401
188.03,1.0,0.9230769230769231,58.0,1.4748035968989934
188.29500000000002,1.0,0.963302752293578,58.0,1.4147304840632853
188.495,1.0,0.77875,35.0,1.1021642472986266
188.69,1.0,0.5552238805970149,24.0,0.9646586337829475
188.955,1.0,0.4714285714285714,22.0,0.6062869068982437
189.155,0.0,0.0,0.0,0.0
189.35,0.0,0.0,0.0,0.0
189.55,1.0,0.5238888888888888,23.0,0.7992348128181996
189.815,1.0,0.3271276595744681,15.0,0.3733073225050765
190.01500000000001,1.0,0.3686274509803922,16.0,0.4165887063773397
190.21,1.0,0.391304347826087,18.0,0.5297796121742513
190.54000000000002,1.0,0.36597222222222225,17.0,0.5063580564196506
190.805,0.0,0.0,0.0,0.0
191.005,0.0,0.0,0.0,0.0
191.20000000000002,0.0,0.0,0.0,0.0
191.465,1.0,0.4222826086956522,21.0,0.7207781907863856
191.73000000000002,1.0,0.9339473684210526,39.0,1.1599873298325143
191.925,1.0,0.956989247311828,43.0,1.209167856539649
192.125,1.0,0.9770114942528736,42.0,1.047814178133932
192.32500000000002,1.0,0.6807692307692308,30.0,0.8350649626048718
192.52,1.0,0.6222222222222221,28.0,0.6744256908831693
192.72,1.0,0.515625,22.0,0.8238881337108274
192.98000000000002,1.0,0.34814814814814815,16.0,0.7002541787777321
193.245,1.0,0.6396551724137931,28.0,1.1401503653178093
193.51000000000002,1.0,0.4133116883116883,19.0,0.8201042389561226
193.71,1.0,0.3877551020408163,19.0,0.9407979498107171
193.905,1.0,0.6982758620689655,30.0,1.0406933458975027
194.17000000000002,1.0,0.8721428571428572,37.0,0.7601089427716476
194.37,1.0,0.8133802816901409,35.0,0.7600980950552767
194.63,1.0,0.9746835443037974,45.0,0.9000214963585405
194.83,1.0,0.810958904109589,37.0,0.7200391916088875
195.03,1.0,0.9487179487179487,42.0,0.9200440040612701
195.225,1.0,0.9506172839506173,42.0,0.9200497794527293
195.425,1.0,0.9358974358974359,43.0,0.9400472448498519
195.69,1.0,0.9302325581395349,44.0,0.8799999816515036
195.95000000000002,1.0,0.8505747126436781,41.0,0.8203575984247914
196.15,1.0,0.7640845070422535,35.0,0.8207980365207388
196.35,1.0,0.8936170212765957,45.0,1.4774101350112672
196.615,1.0,0.9694656488549618,57.0,1.3436536482400112
196.81,1.0,0.9645390070921985,56.0,1.453253210920335
197.07500000000002,1.0,0.9338235294117647,52.0,1.3507551597677818
197.27,1.0,0.9140625,54.0,1.297955233501905
197.535,1.0,0.836,38.0,1.079056507660876
197.735,1.0,0.6399350649350649,27.0,0.9214447048925002
197.93,1.0,0.6030769230769231,28.0,0.789244653394736
198.195,1.0,0.6304347826086956,29.0,0.6631103620320917
198.395,1.0,0.227027027027027,14.0,0.7467077556704305
198.66,0.0,0.0,0.0,0.0
198.85500000000002,0.0,0.0,0.0,0.0
199.055,1.0,0.9553571428571429,43.0,1.3870398968943598
199.25,1.0,0.928125,39.0,1.1489479665072255
199.45000000000002,1.0,0.7309659090909092,31.0,1.144835576433159
199.715,1.0,1.0,44.0,1.163704197263054
199.91500000000002,1.0,0.8101851851851852,35.0,0.9070811424655445
200.11,1.0,0.7448275862068966,32.0,0.9433642954750607
200.31,1.0,0.7515151515151516,32.0,0.9665510566914558
200.505,1.0,0.8101851851851852,35.0,0.9929495741386465
200.77,1.0,0.9304123711340205,38.0,1.145976534672168
200.97,1.0,0.9186813186813186,38.0,1.1001769304074034
201.23000000000002,1.0,0.7837662337662338,34.0,0.9952182846363278
201.495,1.0,0.7137254901960786,32.0,0.8137046506796413
201.695,1.0,0.7604347826086956,33.0,0.8369835581326226
201.89000000000001,1.0,0.875,40.0,0.9620760042275667
202.09,1.0,0.6875,33.0,0.9833038981012521
202.29000000000002,1.0,0.9320388349514563,52.0,1.3336520253644155
202.55,1.0,0.9478260869565217,55.0,1.3023865034337168
202.75,1.0,0.8708333333333332,38.0,1.1397820617963004
202.95000000000002,1.0,0.9,43.0,1.2671197291180036
203.215,1.0,0.9150943396226415,49.0,1.385366457502987
203.475,1.0,0.8859649122807017,44.0,1.0590496446492204
203.74,1.0,0.9903846153846154,48.0,1.301656005689341
203.94,1.0,0.963302752293578,43.0,1.0349824976794064
204.205,1.0,0.8754464285714286,37.0,1.1160005100187842
204.4,1.0,0.9734513274336283,45.0,1.3729137931267097
204.6,1.0,0.9795918367346939,55.0,1.6719839594575747
204.86,1.0,0.9256198347107438,42.0,1.3591140181334862
205.06,1.0,0.897196261682243,41.0,1.2763027035168597
205.32500000000002,1.0,0.8796296296296297,41.0,1.275610591389281
205.525,1.0,0.9026548672566371,45.0,1.2211917055538823
205.72,1.0,0.5886363636363636,28.0,0.8988743623827404
205.985,1.0,0.8415841584158416,42.0,1.1566367428928908
206.18,1.0,0.5735294117647058,30.0,0.8214248595663969
206.38,1.0,0.78125,35.0,0.8596925751278645
206.645,1.0,0.740625,33.0,1.0283967969640195
206.84,1.0,0.9504950495049505,41.0,1.2996744715511888
207.04000000000002,1.0,0.9224137931034483,40.0,1.0404477829320207
207.305,1.0,0.9603174603174603,46.0,1.2278622868735805
207.505,1.0,0.983739837398374,49.0,1.3879477206584188
207.70000000000002,1.0,0.9838709677419355,47.0,1.4183257166797296
207.9,1.0,0.9758064516129032,49.0,1.5085946775994765
208.095,1.0,0.956140350877193,42.0,1.2931214952412788
208.29500000000002,1.0,0.9238095238095239,40.0,1.3305515411245092
208.49,1.0,0.9439252336448598,47.0,1.3588221037439765
208.69,1.0,0.9814814814814815,43.0,1.332059508495607
208.89000000000001,1.0,0.9456521739130435,46.0,1.3151663136611003
209.085,1.0,0.778169014084507,34.0,0.8731494438954139
209.285,1.0,0.609090909090909,28.0,0.7810240503816538
209.48000000000002,1.0,0.7571917808219177,33.0,0.8910377290775171
209.68,1.0,0.601171875,27.0,0.9433940511700696
209.88,1.0,0.4684615384615385,21.0,0.7597185085021123
210.07500000000002,1.0,0.8461538461538461,35.0,0.9052203626546751
210.275,1.0,0.48169014084507045,24.0,0.563130979421959
210.47,1.0,0.711864406779661,30.0,1.0695236623789572
210.735,1.0,0.9590163934426229,42.0,1.099272919366785
210.935,1.0,0.9032258064516129,51.0,1.3644282391477183
211.20000000000002,1.0,0.8279569892473119,35.0,1.2582571034959988
211.395,1.0,0.9833333333333333,45.0,1.2592450166946358
211.595,1.0,0.9769230769230769,49.0,1.3602825252816435
211.79000000000002,1.0,0.9724770642201835,43.0,1.4018290542077259
212.055,1.0,0.991304347826087,49.0,1.612427207491462
212.32,1.0,0.8866666666666666,38.0,1.134543730569902
212.52,1.0,0.950925925925926,39.0,1.1371461358762445
212.715,1.0,0.8813253012048192,38.0,1.0645144292708009
212.91500000000002,1.0,0.7376623376623377,32.0,0.9613593726109305
213.115,1.0,0.6587837837837838,30.0,0.82431826608441
213.31,1.0,0.6325301204819278,30.0,0.7073915944437732
213.51000000000002,1.0,0.918918918918919,40.0,0.9795466394365517
213.84,1.0,0.9743589743589743,67.0,1.4982573969344697
214.035,1.0,0.9507042253521126,44.0,1.4621650491265712
214.235,1.0,0.9829059829059829,49.0,1.4103605881553933
214.5,1.0,0.9523809523809523,49.0,1.2882559809567569
214.76000000000002,1.0,1.0,43.0,1.2884067262311931
214.96,1.0,0.6975,31.0,0.961278847447629
215.16,1.0,0.46914893617021275,21.0,0.6955123390760876
215.425,1.0,0.4711538461538462,21.0,0.6354737383180158
215.62,1.0,0.4468085106382979,21.0,0.6352913163074907
215.82,1.0,0.9125,38.0,1.2278774836831046
216.01500000000001,1.0,0.9666666666666667,42.0,1.2021305307182562
216.215,1.0,0.9557522123893806,44.0,1.4143667213349291
216.41500000000002,1.0,0.9026548672566371,43.0,1.2127384719968506
216.61,1.0,0.8364130434782608,38.0,1.0810254701750504
216.875,1.0,0.7221238938053097,34.0,0.9405543896087736
217.205,1.0,0.5510204081632654,30.0,1.0478007124881603
217.405,1.0,0.8470588235294118,46.0,1.3374486652215039
217.6,1.0,0.8981481481481481,41.0,1.1547591489757756
217.8,1.0,0.9594594594594594,52.0,1.4254074324796175
218.06,1.0,0.9120967741935483,39.0,1.181115146486762
218.26000000000002,1.0,0.9711538461538461,46.0,1.3700884683171624
218.46,1.0,0.904326923076923,38.0,1.2536312344645721
218.655,1.0,0.9900990099009901,41.0,1.356022833706953
218.92000000000002,1.0,0.9819819819819819,44.0,1.401491293016237
219.12,1.0,0.7913793103448276,34.0,0.9929745489969006
219.315,1.0,0.8903125000000001,37.0,1.0285151236742598
219.51500000000001,1.0,0.7259493670886076,31.0,1.0437734767469729
219.715,1.0,0.765625,35.0,0.822191844585348
219.91,1.0,0.6867469879518072,30.0,0.822116603220162
220.11,1.0,0.9063218390804597,38.0,1.0268624688431247
220.37,1.0,0.7088607594936709,32.0,0.8681596246457223
220.63500000000002,1.0,0.9152439024390243,38.0,1.1012472347592266
220.835,1.0,0.7111111111111111,32.0,0.7589015794289249
221.03,1.0,0.8444444444444444,36.0,0.9867029814703487
221.29500000000002,1.0,0.8781645569620253,37.0,0.9676709315038824
221.495,1.0,0.680921052631579,30.0,1.032973691229754
221.69,1.0,0.7707236842105263,33.0,0.9414859183402151
221.955,1.0,0.5208333333333334,25.0,0.7640464574627126
222.155,1.0,0.6073529411764705,28.0,0.8220757737800954
222.35,1.0,0.6985915492957747,31.0,0.9818223000751855
222.55,1.0,0.6601851851851852,31.0,0.7807312017400526
222.75,1.0,0.8681506849315068,39.0,1.0006964874997255
223.015,1.0,0.9230769230769231,50.0,1.1131831724633179
223.20999999999998,1.0,0.9210526315789473,47.0,1.308604775378954
223.41000000000003,1.0,0.9304347826086956,47.0,1.3382856220957047
223.67000000000002,1.0,0.9097457627118644,38.0,1.3339788430549315
223.87,1.0,0.9158878504672897,40.0,1.2691677394064858
224.07,1.0,0.9027777777777778,39.0,1.2429535713495963
224.32999999999998,1.0,0.6984567901234568,31.0,0.9796329383139994
224.53000000000003,1.0,0.7336666666666667,31.0,1.0313461754237894
224.73000000000002,1.0,0.34531249999999997,17.0,0.6118805581045198
224.925,1.0,0.5355263157894737,22.0,0.8218819465174236
225.19,1.0,0.21357142857142858,13.0,0.3862535434862689
225.39,1.0,0.4913636363636363,23.0,1.0767564107954233
225.58499999999998,1.0,0.8369047619047619,37.0,1.087917658509351
225.85000000000002,1.0,0.9821428571428571,44.0,1.1371794909217634
226.05,1.0,0.9836065573770492,49.0,1.3391166801489842
226.245,1.0,0.9636363636363636,53.0,1.375007833327269
226.445,1.0,0.9206349206349206,46.0,1.1842393085186642
226.70999999999998,1.0,0.957983193277311,49.0,1.3798775447443905
226.97000000000003,1.0,0.9724137931034482,43.0,1.2906874773354686
227.17000000000002,1.0,0.957983193277311,42.0,1.2593646826695555
227.435,1.0,0.9883720930232558,41.0,1.210760923611792
227.63,1.0,0.678125,31.0,0.8771817109052006
227.89499999999998,1.0,0.65625,30.0,0.833303960136546
228.09500000000003,1.0,0.8369565217391305,35.0,1.0816202473904586
228.29000000000002,1.0,0.8076923076923077,35.0,0.9500830984096083
228.49,1.0,0.9529411764705882,44.0,1.2320220518227523
228.69,1.0,0.9523809523809523,44.0,1.348763220023784
228.95,1.0,0.9473684210526315,41.0,1.3700386542064928
229.21500000000003,1.0,0.6678899082568808,32.0,1.004062002542105
229.41500000000002,1.0,0.9375,41.0,1.2057213183156306
229.615,1.0,0.967741935483871,43.0,1.3061601193191645
229.81,1.0,0.9444444444444444,44.0,0.9870607461061522
230.075,1.0,0.9090909090909091,55.0,0.8938906677908212
230.26999999999998,1.0,0.852840909090909,38.0,0.7297787392024552
230.47000000000003,1.0,0.9577464788732394,55.0,1.1347268753999797
230.735,1.0,0.9873417721518988,56.0,1.5331770306825396
231.0,1.0,0.9084507042253521,54.0,1.421527858247536
231.195,1.0,0.727659574468085,36.0,1.1227997312147748
231.39499999999998,1.0,0.5492307692307692,28.0,0.8306500049543717
231.59000000000003,0.0,0.0,0.0,0.0
231.79000000000002,0.0,0.0,0.0,0.0
232.055,1.0,0.3928571428571429,22.0,1.068199554757327
232.25,1.0,0.832,41.0,1.3055356530526083
232.45,1.0,0.897196261682243,40.0,1.0733110647569133
232.71500000000003,1.0,0.6018617021276595,31.0,1.019173488837065
232.91500000000002,1.0,0.6275862068965516,28.0,0.8809061995078654
233.175,1.0,0.7932692307692307,33.0,1.0283939579827046
233.375,1.0,0.864935064935065,37.0,0.9297107627612817
233.57,1.0,0.7828947368421052,34.0,0.9693181072227965
233.83499999999998,1.0,0.8415584415584415,36.0,1.094163976048589
234.03500000000003,1.0,0.7113013698630137,31.0,0.9701428681459331
234.23000000000002,1.0,0.6172297297297297,29.0,0.7727709080165718
234.495,1.0,0.5557971014492754,26.0,0.7641721274175015
234.695,1.0,0.9156626506024096,38.0,1.4023845764241083
234.95999999999998,1.0,0.8952380952380953,45.0,1.275293704913174
235.15500000000003,1.0,0.9533333333333334,67.0,1.2711769430076194
235.35500000000002,1.0,0.9885057471264368,69.0,1.2375525580682942
235.55,1.0,0.9887640449438202,71.0,1.1765570286599158
235.75,1.0,0.9857142857142858,53.0,1.0476414671505392
236.015,1.0,0.9606299212598425,43.0,0.9359904444553807
236.28000000000003,1.0,0.8888888888888888,41.0,0.8753656635932376
236.47500000000002,1.0,0.76725,33.0,0.8488720686272478
236.675,1.0,0.5880952380952381,26.0,0.8530936217957529
236.94,1.0,0.7039855072463768,29.0,0.8836240190054874
237.135,1.0,0.35,17.0,0.8799742961673417
237.33499999999998,0.0,0.0,0.0,0.0
237.60000000000002,0.0,0.0,0.0,0.0
237.79500000000002,0.0,0.0,0.0,0.0
237.995,1.0,0.7537671232876713,31.0,1.0485109531909043
238.26,1.0,0.9333333333333333,47.0,1.2740166746505803
238.45499999999998,1.0,1.0,58.0,1.9133142761053819
238.65500000000003,1.0,0.764367816091954,38.0,1.7356811364584137
238.92000000000002,1.0,0.7358108108108108,33.0,0.8440378279463715
239.115,1.0,0.7019841269841269,29.0,0.9274885261235059
239.38,1.0,0.7352564102564102,31.0,0.8836272716492244
239.57999999999998,1.0,0.8040540540540541,34.0,0.941872004301568
239.77500000000003,1.0,0.5308333333333334,26.0,0.6602669976510208
240.04000000000002,1.0,0.9777777777777777,94.0,1.4722133790099305
240.305,1.0,0.9710144927536232,71.0,1.2642073988929319
240.505,1.0,0.9466666666666667,48.0,1.215442200430993
240.765,1.0,0.9159663865546218,40.0,1.1615311317439627
241.03000000000003,1.0,0.6059701492537313,28.0,0.8401351492577156
241.23000000000002,1.0,0.7368852459016393,31.0,0.8957409166406918
241.425,1.0,0.37295918367346936,17.0,0.7439157002349341
241.625,1.0,0.5599999999999999,24.0,0.769380443523713
241.825,1.0,0.24609375,15.0,0.7135324557657993
242.01999999999998,0.0,0.0,0.0,0.0
242.28500000000003,1.0,0.625,27.0,0.9708202266245969
242.48000000000002,1.0,0.5241935483870968,25.0,0.6156755148974435
242.68,1.0,0.5955882352941176,27.0,0.7090379704493129
242.88,1.0,0.71875,30.0,0.8923316232312143
243.14,1.0,0.8649350649350649,36.0,0.7823161213019214
243.34000000000003,1.0,0.5563636363636363,24.0,0.6401930888925356
243.60500000000002,1.0,0.4423076923076923,20.0,0.6527791098788936
243.805,1.0,0.425,20.0,0.6276104737208034
244.0,1.0,0.4071428571428571,19.0,0.7265146845064132
244.265,1.0,0.203125,13.0,1.389311210568935
244.45999999999998,1.0,0.43124999999999997,23.0,1.2591375094563353
244.66000000000003,1.0,0.9338842975206612,60.0,2.249579726255956
244.86,1.0,0.9281045751633987,61.0,2.036422062049614
245.055,1.0,0.9707602339181286,80.0,1.871888248560304
245.255,1.0,0.9719101123595506,76.0,1.6822912685438594
245.58499999999998,1.0,0.920863309352518,53.0,1.3404249455504176
245.78000000000003,1.0,0.8918918918918919,45.0,1.441435103121309
246.04500000000002,1.0,0.769047619047619,34.0,0.8401569263466795
246.245,1.0,0.5353448275862068,23.0,0.7638248212274827
246.44,1.0,0.1945945945945946,12.0,0.5059684298688816
246.70499999999998,0.0,0.0,0.0,0.0
246.90500000000003,0.0,0.0,0.0,0.0
247.17000000000002,1.0,0.46875,25.0,0.5554692936975367
247.365,1.0,0.44000000000000006,22.0,0.5107102589950798
247.565,1.0,0.4941176470588235,24.0,0.5902478570132965
247.82999999999998,1.0,0.4588607594936709,25.0,0.641691997324405
248.09000000000003,1.0,0.61171875,29.0,1.7560133584198072
248.29000000000002,1.0,0.4519230769230769,20.0,0.6696194494012999
248.49,1.0,0.39705882352941174,18.0,0.631246411313642
248.685,1.0,0.40217391304347827,20.0,1.9132333155477885
248.885,1.0,0.8842975206611571,56.0,2.401167887129974
249.15000000000003,1.0,0.93,93.0,2.119679970670794
249.34500000000003,1.0,0.9273743016759777,85.0,1.9543288210601728
249.54500000000002,1.0,0.9540816326530612,81.0,1.6754425329882272
249.81,1.0,0.9716981132075472,82.0,1.4544464941530713
250.07,1.0,0.8955223880597015,54.0,1.396957068284387
250.26999999999998,1.0,0.9339622641509434,44.0,1.265281745193945
250.47000000000003,1.0,0.44754098360655736,21.0,0.8157047171759279
250.73000000000002,1.0,0.26046511627906976,14.0,0.6207279373140104
250.93,1.0,0.34285714285714286,16.0,0.5249424663202635
251.13,0.0,0.0,0.0,0.0
251.39,1.0,0.5227272727272727,23.0,0.6995665120481741
251.59000000000003,1.0,0.3974489795918367,19.0,0.4915289932799486
251.79000000000002,0.0,0.0,0.0,0.0
252.05,1.0,0.34239130434782605,15.0,0.4604587517674491
252.25,0.0,0.0,0.0,0.0
252.45,1.0,0.31585365853658537,14.0,0.5422328791589692
252.71500000000003,0.0,0.0,0.0,0.0
252.91000000000003,0.0,0.0,0.0,0.0
253.11,0.0,0.0,0.0,0.0
253.305,1.0,0.6381818181818182,27.0,0.8375586572404796
253.57,1.0,0.9615384615384616,42.0,1.2593635407995554
253.83499999999998,1.0,0.782,34.0,0.9401627778559807
254.03000000000003,1.0,0.6535714285714286,30.0,0.8729567206297062
254.29500000000002,1.0,0.5360294117647059,27.0,0.6941638947284882
254.495,1.0,0.5342741935483871,25.0,0.8856574521094491
254.69,1.0,0.5270833333333332,23.0,0.8221696344433264
254.89,1.0,0.3905660377358491,18.0,0.9618284182302804
255.15500000000003,1.0,0.5875,27.0,0.9201859283860023
255.35000000000002,1.0,0.3857142857142857,18.0,0.8199986442819106
255.55,1.0,0.5016666666666667,21.0,1.060163598833359
255.75,1.0,0.775,33.0,0.9407398479748245
255.945,1.0,0.8375,36.0,0.7000780832092233
256.21,1.0,0.8713768115942029,37.0,0.7600606317858083
256.475,1.0,0.9324324324324325,41.0,0.9200354626538931
256.67,1.0,0.9753086419753086,44.0,0.9199999980497823
256.87,1.0,0.897,39.0,0.8200456442313606
257.135,1.0,0.9655172413793104,45.0,0.9800257859213377
257.40000000000003,1.0,0.9325842696629213,45.0,0.9200710672236759
257.66,1.0,0.971830985915493,41.0,1.1399976404786538
257.86,1.0,0.7985915492957747,36.0,0.8201370842248952
258.06,1.0,0.946236559139785,45.0,1.4768296530026483
258.255,1.0,1.0,61.0,1.4889239610312224
258.52,1.0,0.9772727272727273,53.0,1.2651077425656716
258.72,1.0,1.0,61.0,1.4402460199780314
258.915,1.0,0.9714285714285714,56.0,1.313250018250989
259.115,1.0,0.9307692307692308,52.0,1.2099815609711901
259.38,1.0,0.9262295081967213,49.0,1.079044732765195
259.575,1.0,0.9453125,50.0,1.1836563953253683
259.77500000000003,1.0,0.9435483870967742,49.0,1.1654326993304582
260.105,1.0,0.9435483870967742,50.0,1.1644867909354968
260.305,1.0,0.944,48.0,1.1688511002580848
260.5,1.0,0.926829268292683,49.0,1.165056067038818
260.765,1.0,0.944,50.0,1.1609532226663941
261.03000000000003,1.0,0.9416666666666667,50.0,1.1391196032237767
261.225,1.0,0.9426229508196722,49.0,1.164519158021096
261.49,1.0,0.943089430894309,48.0,1.1691855471400687
261.69,1.0,0.9435483870967742,53.0,1.1575774871767395
261.885,1.0,0.944,51.0,1.1714260549647628
262.15000000000003,1.0,0.9421487603305785,49.0,1.1646031757091133
262.35,1.0,0.9457364341085271,52.0,1.1736617600629913
262.545,1.0,0.9416666666666667,49.0,1.168725060913788
262.81,1.0,0.9444444444444444,49.0,1.1682104660324835
263.075,1.0,0.9504132231404959,51.0,1.1589236940788714
263.27,1.0,0.9411764705882353,47.0,1.171809518245374
263.535,1.0,0.9416666666666667,51.0,1.1790953036339293
263.8,1.0,0.9426229508196722,51.0,1.161140672057377
264.0,1.0,0.9416666666666667,49.0,1.1810284030171263
264.26,1.0,0.9411764705882353,49.0,1.1647548650808823
264.46,1.0,0.9426229508196722,49.0,1.1646031757091133
264.66,1.0,0.9256198347107438,47.0,1.1684745272794321
264.925,1.0,0.9416666666666667,50.0,1.1617836469344156
265.12,1.0,0.9421487603305785,48.0,1.1653755459805577
265.385,1.0,0.9426229508196722,50.0,1.1637835594093562
265.58,1.0,0.9426229508196722,48.0,1.1691159478020963
265.78000000000003,1.0,0.9416666666666667,49.0,1.1633227468265817
265.98,1.0,0.9426229508196722,52.0,1.1597478995029187
266.31,1.0,0.9448818897637795,49.0,1.1845293623830395
266.505,1.0,0.940677966101695,48.0,1.1419500067763644
266.705,1.0,0.9435483870967742,48.0,1.1723634909541825
266.97,1.0,0.9453125,51.0,1.1634147323146378
267.165,1.0,0.9453125,50.0,1.1641041725081358
267.365,1.0,0.944,50.0,1.1637667382941883
267.63,1.0,0.9435483870967742,51.0,1.1640753246074906
267.825,1.0,0.9421487603305785,49.0,1.164583255618933
268.02500000000003,1.0,0.9444444444444444,50.0,1.175489036305427
268.225,1.0,0.9421487603305785,49.0,1.164519158021096
268.42,1.0,0.9426229508196722,50.0,1.1637520622021602
268.62,1.0,0.9411764705882353,49.0,1.165981563217269
268.815,1.0,0.9421487603305785,51.0,1.1743987405218808
