center_x_m,center_y_m,inner_x_m,inner_y_m,outer_x_m,outer_y_m
1.400001,3.394607,1.749986,3.359029,1.049634,3.430223
1.400012,3.294493,1.749998,3.258871,1.050008,3.330117
1.400024,3.194359,1.750011,3.158712,1.050020,3.230008
1.400036,3.094226,1.750024,3.058553,1.050031,3.129900
1.400048,2.994092,1.750037,2.958394,1.050043,3.029791
1.400060,2.893958,1.750050,2.858236,1.050055,2.929683
1.400071,2.793825,1.750062,2.758077,1.050066,2.829574
1.400083,2.693691,1.750075,2.657918,1.050078,2.729466
1.400095,2.593558,1.750088,2.557760,1.050089,2.629357
1.400100,2.493424,1.750086,2.457604,1.050104,2.529249
1.399332,2.393291,1.748546,2.357602,1.050425,2.429108
1.395347,2.293157,1.740613,2.258258,1.052027,2.328837
1.387312,2.193022,1.724614,2.159742,1.055241,2.228401
1.376457,2.092887,1.703007,2.061806,1.059578,2.127848
1.361009,1.992752,1.672257,1.964809,1.065741,2.027107
1.341743,1.892616,1.633922,1.868599,1.073421,1.926208
1.322786,1.792479,1.596195,1.772330,1.080983,1.825323
1.303031,1.692343,1.556886,1.676229,1.088856,1.724401
1.294537,1.642289,1.539033,1.647866,1.092441,1.629965
1.287358,1.592236,1.528186,1.615678,1.094620,1.536294
1.281714,1.542179,1.524873,1.582846,1.095294,1.442753
1.276051,1.455620,1.559934,1.513901,1.096903,1.344972
1.275361,1.407316,1.567827,1.491243,1.095776,1.265545
1.279728,1.329554,1.578989,1.470206,1.107389,1.186676
1.296670,1.236847,1.592622,1.449856,1.136946,1.111059
1.329388,1.155674,1.608375,1.430728,1.184906,1.045241
1.426215,1.137831,1.626332,1.412906,1.249567,0.992804
1.514339,1.127602,1.646037,1.396959,1.326651,0.958564
1.588297,1.125857,1.667880,1.384906,1.410444,0.945226
1.633714,1.128134,1.692510,1.377706,1.495397,0.944666
1.683780,1.130554,1.722459,1.371914,1.589515,0.945384
1.733853,1.134691,1.755195,1.373034,1.683074,0.944721
1.783932,1.140454,1.787764,1.381888,1.776670,0.942512
1.884135,1.156094,1.888720,1.413601,1.876617,0.935639
1.984355,1.175529,1.989876,1.452896,1.976524,0.927254
2.084582,1.196352,2.091103,1.494970,2.076416,0.918310
2.184798,1.214762,2.192218,1.532215,2.176334,0.910335
2.284995,1.229242,2.293133,1.561605,2.276289,0.903927
2.385175,1.239849,2.393856,1.583258,2.376284,0.899070
2.485330,1.244325,2.494266,1.592640,2.476342,0.896665
2.585471,1.245433,2.594504,1.595293,2.576432,0.895607
2.685603,1.245095,2.694667,1.595060,2.676539,0.895125
2.785736,1.244655,2.794825,1.594620,2.776647,0.894686
2.885868,1.244215,2.894982,1.594179,2.876754,0.894246
2.986001,1.243775,2.995140,1.593739,2.976862,0.893806
3.086134,1.243335,3.095298,1.593299,3.076969,0.893366
3.186266,1.242895,3.195456,1.592859,3.177077,0.892926
3.286399,1.242455,3.295613,1.592419,3.277184,0.892486
3.386532,1.242015,3.395771,1.591979,3.377292,0.892047
3.486664,1.241575,3.495929,1.591539,3.477399,0.891607
3.586797,1.241135,3.596087,1.591098,3.577507,0.891167
3.686929,1.240695,3.696244,1.590658,3.677614,0.890727
3.787062,1.240255,3.796402,1.590218,3.777722,0.890287
3.887195,1.239815,3.896560,1.589778,3.877829,0.889847
3.987327,1.239375,3.996718,1.589338,3.977937,0.889407
4.087460,1.238935,4.096875,1.588898,4.078044,0.888968
4.187593,1.238495,4.197033,1.588458,4.178152,0.888528
4.287725,1.238055,4.297191,1.588017,4.278259,0.888088
4.387858,1.237615,4.397349,1.587577,4.378367,0.887648
4.487990,1.237175,4.497506,1.587137,4.478474,0.887208
4.588123,1.236735,4.597664,1.586697,4.578582,0.886768
4.688256,1.236295,4.697822,1.586257,4.678689,0.886328
4.788388,1.235855,4.797980,1.585817,4.778797,0.885889
4.888521,1.235415,4.898137,1.585377,4.878904,0.885449
4.988654,1.234975,4.998295,1.584937,4.979012,0.885009
5.088786,1.234535,5.098453,1.584496,5.079119,0.884569
5.188919,1.234095,5.198611,1.584056,5.179227,0.884129
5.289051,1.233655,5.298768,1.583616,5.279334,0.883689
5.389184,1.233215,5.398926,1.583176,5.379442,0.883249
5.489317,1.232775,5.499084,1.582736,5.479549,0.882810
5.589449,1.232335,5.599242,1.582296,5.579657,0.882370
5.689582,1.231895,5.699399,1.581856,5.679764,0.881930
5.789715,1.231455,5.799557,1.581415,5.779872,0.881490
5.889847,1.231015,5.899715,1.580975,5.879979,0.881050
5.989980,1.230575,5.999873,1.580535,5.980087,0.880610
6.090112,1.230135,6.100030,1.580095,6.080194,0.880170
6.190245,1.229695,6.200188,1.579655,6.180302,0.879731
6.290378,1.229255,6.300346,1.579215,6.280409,0.879291
6.390510,1.228815,6.400504,1.578775,6.380517,0.878851
6.490643,1.228375,6.500661,1.578335,6.480624,0.878411
6.590776,1.227935,6.600819,1.577894,6.580732,0.877971
6.690908,1.227495,6.700977,1.577454,6.680839,0.877531
6.791041,1.227055,6.801135,1.577014,6.780947,0.877092
6.891173,1.226615,6.901292,1.576574,6.881054,0.876652
6.991306,1.226175,7.001450,1.576134,6.981162,0.876212
7.091439,1.225735,7.101608,1.575694,7.081269,0.875772
7.191571,1.225295,7.201766,1.575254,7.181377,0.875332
7.291704,1.224855,7.301923,1.574813,7.281484,0.874892
7.391837,1.224415,7.402081,1.574373,7.381592,0.874452
7.491969,1.223975,7.502239,1.573933,7.481699,0.874013
7.592102,1.223535,7.602397,1.573493,7.581807,0.873573
7.692234,1.223095,7.702555,1.573053,7.681914,0.873133
7.742288,1.222875,7.702555,1.573053,7.782022,0.872693
7.842420,1.222435,7.802712,1.572613,7.882129,0.872253
7.942553,1.221995,7.902870,1.572173,7.982237,0.871813
8.042686,1.221555,8.003028,1.571732,8.082344,0.871373
8.142818,1.221115,8.103186,1.571292,8.182452,0.870934
8.242951,1.220675,8.203343,1.570852,8.282559,0.870494
8.343084,1.220235,8.303501,1.570412,8.382667,0.870054
8.443216,1.219795,8.403659,1.569972,8.482774,0.869614
8.543349,1.219355,8.503817,1.569532,8.582882,0.869174
8.643481,1.218915,8.603974,1.569092,8.682989,0.868734
8.743614,1.218475,8.704132,1.568652,8.783097,0.868294
8.843747,1.218035,8.804290,1.568211,8.883204,0.867855
8.943879,1.217595,8.904448,1.567771,8.983312,0.867415
9.044012,1.217155,9.004605,1.567331,9.083419,0.866975
9.144145,1.216715,9.104763,1.566891,9.183527,0.866535
9.244277,1.216275,9.204921,1.566451,9.283634,0.866095
9.344410,1.215835,9.305079,1.566011,9.383742,0.865655
9.444542,1.215395,9.405236,1.565571,9.483849,0.865216
9.544675,1.214955,9.505394,1.565130,9.583957,0.864776
9.644808,1.214515,9.605552,1.564690,9.684064,0.864336
9.744940,1.213922,9.705743,1.563950,9.784165,0.863956
9.845063,1.211577,9.806325,1.559720,9.884187,0.864273
9.945171,1.205118,9.907822,1.547313,9.984027,0.866228
10.045251,1.192780,10.010623,1.523227,10.083607,0.870516
10.145308,1.175420,10.114536,1.489158,10.182962,0.876804
10.245356,1.155717,10.218963,1.450429,10.282217,0.884022
10.345403,1.135470,10.323508,1.410614,10.381446,0.891457
10.445447,1.114942,10.428106,1.370246,10.480667,0.899002
10.545509,1.098475,10.531802,1.337944,10.580066,0.904934
10.595538,1.092396,10.565094,1.332119,10.673514,0.905659
10.645570,1.088003,10.597057,1.333724,10.767228,0.904897
10.695614,1.085428,10.625130,1.341619,10.861722,0.902880
10.732970,1.084732,10.642545,1.350681,10.929194,0.906570
10.796072,1.086406,10.658515,1.361894,10.993780,0.922008
10.878196,1.096384,10.674625,1.375277,11.055954,0.953464
10.965969,1.114193,10.689925,1.390351,11.110886,0.998318
11.003468,1.184196,10.704140,1.407024,11.155365,1.055261
11.020487,1.273261,10.716895,1.424964,11.186146,1.121481
11.024857,1.346585,10.727892,1.443706,11.201088,1.193055
11.024330,1.394496,10.735992,1.463864,11.204195,1.265836
11.018955,1.482121,10.771852,1.531750,11.205630,1.363756
11.014882,1.532175,10.773205,1.563147,11.205360,1.457585
11.009167,1.582229,10.767225,1.595673,11.206555,1.551188
11.001982,1.632283,10.753787,1.626178,11.209242,1.645194
10.984110,1.732417,10.718072,1.724834,11.216385,1.745605
10.963430,1.832550,10.676748,1.823262,11.224650,1.846059
10.943835,1.932791,10.637595,1.921783,11.232480,1.946495
10.928782,2.033771,10.607547,2.020693,11.238490,2.046854
10.915523,2.134416,10.581157,2.119753,11.243768,2.147182
10.908705,2.184811,10.569987,2.122175,11.235592,2.245829
10.889117,2.232561,10.560922,2.122160,11.212904,2.342795
10.854515,2.326960,10.524036,2.215029,11.184517,2.438851
10.823300,2.422145,10.491776,2.309826,11.154808,2.534462
10.793120,2.517622,10.461547,2.405312,11.124693,2.629933
10.762981,2.613113,10.431399,2.500825,11.094561,2.725399
10.732841,2.708603,10.401252,2.596339,11.064429,2.820865
10.702702,2.804093,10.371105,2.691853,11.034297,2.916331
10.672562,2.899583,10.340957,2.787367,11.004165,3.011797
10.642423,2.995073,10.310810,2.882881,10.974033,3.107263
10.612283,3.090563,10.280663,2.978395,10.943901,3.202729
10.582143,3.186053,10.250515,3.073909,10.913769,3.298195
10.552004,3.281543,10.220368,3.169423,10.883637,3.393661
10.521864,3.377033,10.190221,3.264937,10.853505,3.489128
10.506701,3.425073,10.160782,3.361182,10.853505,3.489128
10.495451,3.474205,10.145605,3.459625,10.853505,3.489128
10.495430,3.573883,10.145429,3.559772,10.845424,3.587993
10.495408,3.674016,10.145407,3.659931,10.845403,3.688102
10.495386,3.774150,10.145385,3.760089,10.845381,3.788210
10.495365,3.874284,10.145364,3.860248,10.845360,3.888319
10.495343,3.974417,10.145342,3.960407,10.845338,3.988427
10.495321,4.074551,10.145320,4.060565,10.845316,4.088536
10.495300,4.174684,10.145298,4.160724,10.845295,4.188644
10.495278,4.274818,10.145277,4.260883,10.845273,4.288753
10.495256,4.374951,10.145255,4.361042,10.845252,4.388861
10.495662,4.475085,10.146086,4.461235,10.845060,4.488962
10.499098,4.575219,10.152977,4.561666,10.843656,4.589016
10.507558,4.675355,10.169908,4.662495,10.840244,4.688991
10.521710,4.775491,10.198206,4.763769,10.834558,4.788877
10.539098,4.875629,10.232979,4.865295,10.827577,4.888711
10.560378,4.975768,10.275527,4.967121,10.819042,4.988487
10.581539,5.075907,10.317843,5.068930,10.810554,5.088265
10.599801,5.176042,10.354354,5.170509,10.803224,5.188089
10.612944,5.276179,10.380645,5.271680,10.797941,5.287994
10.617067,5.326235,10.385147,5.306192,10.797019,5.381201
10.619379,5.376291,10.381555,5.339365,10.797715,5.474676
10.619878,5.412796,10.374490,5.361002,10.798620,5.543148
10.618595,5.469941,10.365127,5.381088,10.791843,5.611088
10.609777,5.541706,10.354063,5.399650,10.771625,5.673720
10.594347,5.615460,10.341050,5.417675,10.737496,5.731623
10.537489,5.661260,10.325255,5.435760,10.688312,5.784906
10.463962,5.685319,10.307640,5.452385,10.627515,5.826040
10.396667,5.701232,10.288630,5.467135,10.558692,5.852121
10.349024,5.708998,10.267497,5.479042,10.486793,5.866943
10.299265,5.714971,10.236132,5.488705,10.394373,5.881792
10.249203,5.719159,10.201667,5.490915,10.302574,5.898129
10.199029,5.722677,10.167600,5.486807,10.210696,5.915732
10.098045,5.726132,10.066169,5.476692,10.112542,5.937893
9.996277,5.724965,9.963797,5.457242,10.014575,5.961924
9.894090,5.721341,9.860919,5.432841,9.916710,5.986943
9.791905,5.717733,9.758039,5.408468,9.818846,6.011956
9.690178,5.716804,9.655698,5.389497,9.720874,6.035889
9.592303,5.738549,9.557969,5.416294,9.621980,6.050668
9.495470,5.766408,9.461488,5.455441,9.522838,6.062976
9.398523,5.793603,9.364875,5.493240,9.423718,6.075557
9.301486,5.820260,9.268154,5.529955,9.324621,6.088353
9.204129,5.845047,9.171057,5.562896,9.225601,6.101900
9.155237,5.856105,9.152210,5.568881,9.130679,6.117487
9.096870,5.867044,9.133572,5.570284,9.036619,6.133831
9.028609,5.875491,9.115330,5.567201,8.939743,6.134991
8.954796,5.882345,9.097562,5.561911,8.847250,6.109968
8.904385,5.833510,9.081180,5.553114,8.765337,6.060148
8.863069,5.776973,9.066940,5.541336,8.700596,5.989542
8.829252,5.723396,9.055767,5.526069,8.648140,5.908997
8.803225,5.677572,9.048210,5.507862,8.595613,5.828367
8.757884,5.593087,8.998259,5.429864,8.539321,5.746069
8.711330,5.503985,8.958874,5.335447,8.482343,5.663819
8.666513,5.413772,8.922877,5.238688,8.424692,5.582039
8.622314,5.323163,8.888090,5.141095,8.366794,5.500424
8.576301,5.233715,8.849754,5.045943,8.309610,5.418323
8.529305,5.144899,8.809492,4.952114,8.252810,5.335956
8.480046,5.057533,8.764809,4.861332,8.196894,5.252979
8.425588,4.973500,8.709950,4.777567,8.143012,5.168601
8.372291,4.890123,8.663146,4.691263,8.088930,5.084369
8.346169,4.846595,8.665159,4.688783,8.034487,5.000594
8.327561,4.813997,8.668501,4.686836,7.997252,4.937108
8.314936,4.778054,8.670461,4.686049,7.975912,4.865712
8.320968,4.738505,8.669156,4.686189,7.974118,4.789872
8.327817,4.700921,8.667461,4.686069,7.984670,4.714815
8.338780,4.651926,8.664476,4.685269,8.006523,4.618947
8.364109,4.553311,8.664064,4.584610,8.050153,4.522771
8.392057,4.454874,8.662609,4.483849,8.099008,4.427120
8.420139,4.356449,8.661099,4.383083,8.148132,4.331486
8.445797,4.257855,8.660558,4.282416,8.192423,4.235363
8.466165,4.162236,8.661995,4.182368,8.220015,4.142222
8.475540,4.112235,8.666449,4.088744,8.232405,4.110741
8.484050,4.062172,8.672151,3.995453,8.238543,4.077601
8.490686,4.012002,8.679404,3.901909,8.236915,4.045944
8.495417,3.961117,8.685901,3.807463,8.228570,4.018072
8.498074,3.895317,8.677702,3.735133,8.218642,3.998241
8.493901,3.814592,8.654417,3.665993,8.206740,3.979176
8.479952,3.725172,8.616014,3.604002,8.192985,3.961157
8.408467,3.685856,8.564766,3.552613,8.177657,3.944549
8.326769,3.667215,8.505267,3.515005,8.161485,3.929914
8.249817,3.657719,8.439864,3.491338,8.144497,3.917022
8.205868,3.655679,8.373884,3.482147,8.127547,3.906242
8.170437,3.654649,8.306920,3.480679,8.108867,3.897479
8.120306,3.654802,8.213014,3.477897,8.078052,3.890084
8.070100,3.656772,8.119723,3.473658,8.044170,3.889959
8.019818,3.660440,8.026418,3.467803,8.010360,3.897924
7.919096,3.672095,7.926590,3.457170,7.909140,3.925508
7.818201,3.687847,7.826822,3.444901,7.807619,3.961284
7.717235,3.705275,7.727079,3.431960,7.705979,4.000411
7.616352,3.720702,7.627304,3.419820,7.604496,4.035540
7.564861,3.726962,7.528866,3.412136,7.596352,4.052632
7.513565,3.731896,7.432395,3.406024,7.592639,4.067135
7.456823,3.730730,7.336771,3.420136,7.587591,4.068372
7.403568,3.746294,7.245119,3.459539,7.582724,4.070647
7.363960,3.788482,7.166988,3.525712,7.578316,4.073930
7.297175,3.862345,7.098883,3.598954,7.503114,4.128902
7.263187,3.900675,7.031515,3.671647,7.500638,4.133762
7.197240,3.976072,6.962915,3.744582,7.436493,4.211018
7.133125,4.053154,6.893603,3.816819,7.375891,4.291766
7.071128,4.132186,6.823474,3.888252,7.319394,4.376553
7.009814,4.211850,6.765121,3.971278,7.252179,4.450786
6.949099,4.292065,6.711080,4.058548,7.181584,4.521691
6.890202,4.373954,6.660564,4.149280,7.110285,4.591902
6.832050,4.456532,6.611496,4.241436,7.038697,4.661830
6.773423,4.538671,6.561507,4.332678,6.967292,4.731941
6.712741,4.618916,6.507535,4.419996,6.896683,4.802836
6.681461,4.658157,6.498262,4.437711,6.830708,4.872919
6.618309,4.734795,6.428195,4.493351,6.761875,4.944483
6.573689,4.782932,6.414079,4.507048,6.695668,5.013521
6.525478,4.830435,6.397084,4.516563,6.617260,5.069048
6.455440,4.854160,6.377799,4.521991,6.524348,5.102204
6.382069,4.832544,6.357069,4.520363,6.423044,5.105433
6.322345,4.810698,6.339320,4.512655,6.333655,5.084380
6.271384,4.788587,6.323219,4.501525,6.246679,5.055946
6.226331,4.765602,6.309634,4.483863,6.154615,5.027257
6.182315,4.739567,6.303032,4.459203,6.061154,4.999966
6.096030,4.682273,6.229825,4.378633,5.962047,4.977412
6.010865,4.621688,6.149338,4.314326,5.872486,4.933516
5.925838,4.560691,6.049549,4.293188,5.802505,4.845816
5.840806,4.499708,5.949765,4.272041,5.732503,4.758137
5.754423,4.442706,5.850666,4.249362,5.659065,4.678134
5.710209,4.417176,5.759962,4.222844,5.638437,4.649528
5.665304,4.393676,5.670610,4.194939,5.611055,4.627878
5.619751,4.372478,5.582121,4.165376,5.580555,4.614921
5.568683,4.352510,5.491354,4.140843,5.549565,4.611764
5.514435,4.335237,5.429959,4.134289,5.529337,4.613011
5.452149,4.320648,5.369288,4.139267,5.509510,4.616669
5.384831,4.319728,5.313933,4.156779,5.490962,4.622301
5.335966,4.360937,5.261905,4.184667,5.472742,4.629831
5.291625,4.404810,5.215964,4.220129,5.455537,4.638721
5.256550,4.446979,5.176098,4.261565,5.439704,4.649596
5.237560,4.472121,5.141674,4.306513,5.425142,4.661903
5.218951,4.497560,5.107006,4.351022,5.411790,4.676414
5.168255,4.573719,5.043879,4.426775,5.344438,4.731925
5.142264,4.616995,4.984233,4.498985,5.332831,4.764302
5.093503,4.706050,4.916921,4.573603,5.297611,4.863301
5.047799,4.797515,4.848369,4.647276,5.268585,4.967006
5.003620,4.890179,4.779197,4.720483,5.242654,5.073062
4.958479,4.982089,4.710416,4.793984,5.214779,5.177626
4.911515,5.072560,4.642371,4.868051,5.183216,5.279378
4.861571,5.160684,4.588330,4.952765,5.132820,5.366803
4.806690,5.244921,4.540693,5.042347,5.068015,5.443273
4.749273,5.327162,4.487918,5.128021,5.004239,5.520522
4.690812,5.408577,4.433027,5.212085,4.940887,5.598095
4.631255,5.489134,4.375922,5.294464,4.877974,5.676002
4.601391,5.529327,4.372457,5.302654,4.816731,5.753012
4.577331,5.561298,4.369013,5.308372,4.771227,5.810522
4.549485,5.596360,4.364747,5.313594,4.718974,5.862683
4.519374,5.632858,4.359877,5.318571,4.657860,5.904554
4.475317,5.643385,4.354192,5.322377,4.590501,5.932223
4.419447,5.647618,4.345538,5.325654,4.493102,5.946496
4.366026,5.650680,4.336152,5.326672,4.395316,5.952187
4.267377,5.654530,4.240005,5.337359,4.295521,5.958880
4.167256,5.657689,4.139533,5.337784,4.195685,5.965887
4.067142,5.660998,4.039089,5.338501,4.095844,5.972836
3.966848,5.662927,3.938398,5.336460,3.996053,5.980336
3.915648,5.664295,3.932178,5.333341,3.897361,5.986871
3.816222,5.666184,3.837004,5.312639,3.797404,5.993410
3.775616,5.664157,3.834129,5.308324,3.723064,5.985411
3.739511,5.640540,3.832376,5.302806,3.649685,5.967654
3.706219,5.617700,3.832216,5.296174,3.583202,5.936475
3.675725,5.595541,3.833728,5.288998,3.519363,5.900367
3.635294,5.565575,3.838391,5.279619,3.432245,5.851318
3.556401,5.502254,3.749527,5.232372,3.362013,5.777928
3.480238,5.435597,3.658979,5.187501,3.297421,5.696591
3.405345,5.368429,3.568173,5.142996,3.234120,5.613429
3.331740,5.300159,3.476986,5.099022,3.173126,5.526954
3.264810,5.223880,3.391779,5.046336,3.117153,5.433047
3.197867,5.149716,3.309355,4.989651,3.057805,5.343917
3.164915,5.115795,3.234983,4.932971,3.036752,5.316812
3.128923,5.081753,3.161536,4.875017,3.011055,5.296082
3.091194,5.048725,3.088446,4.815560,2.983580,5.282884
3.053960,5.018873,3.030031,4.777397,2.962572,5.277834
2.995325,4.978248,2.964080,4.751409,2.940500,5.275252
2.924350,4.938198,2.893076,4.740342,2.917755,5.275469
2.850452,4.927541,2.820902,4.745452,2.894990,5.278427
2.784809,4.969947,2.753121,4.766012,2.873350,5.284052
2.722722,5.018072,2.691533,4.800925,2.852725,5.291855
2.682762,5.057440,2.638595,4.844721,2.834202,5.302492
2.657997,5.086700,2.589421,4.891912,2.818507,5.318644
2.603608,5.158909,2.515656,4.955816,2.752289,5.367440
2.576007,5.202435,2.445279,5.018303,2.743606,5.402540
2.550089,5.247706,2.372807,5.080298,2.745394,5.440098
2.502030,5.342136,2.290725,5.140180,2.723147,5.557702
2.458259,5.441013,2.206866,5.198348,2.709794,5.683874
2.414214,5.539608,2.191913,5.323032,2.627088,5.743089
2.366031,5.633908,2.169389,5.440389,2.545089,5.802992
2.339843,5.678866,2.171061,5.476959,2.472678,5.865149
2.285609,5.758265,2.113618,5.551193,2.396382,5.928011
2.265100,5.783670,2.102968,5.568347,2.353412,5.968051
2.237232,5.814362,2.089940,5.582905,2.310174,6.007839
2.193627,5.854007,2.074771,5.595915,2.260744,6.041314
2.147625,5.889666,2.057836,5.606402,2.207270,6.067533
2.093627,5.899317,2.040138,5.613470,2.152301,6.082705
2.033405,5.888092,2.021190,5.617697,2.094096,6.086144
1.981172,5.872644,2.001738,5.617720,2.036156,6.080613
1.944147,5.859400,1.982528,5.616213,1.979843,6.067222
1.897693,5.840479,1.951653,5.607430,1.891047,6.037321
1.851780,5.819928,1.922543,5.591055,1.801898,6.008939
1.761243,5.774890,1.835358,5.532299,1.705358,5.982701
1.663382,5.751820,1.735328,5.518043,1.611390,5.947562
1.613684,5.742635,1.701308,5.520423,1.523223,5.915431
1.564472,5.731988,1.667996,5.514898,1.434915,5.884879
1.474306,5.707762,1.593336,5.468659,1.341892,5.851846
1.441205,5.697680,1.576142,5.458601,1.285758,5.832226
1.390463,5.679454,1.560544,5.446653,1.232916,5.805940
1.327329,5.648289,1.546117,5.432384,1.182533,5.771278
1.273077,5.612608,1.532946,5.417056,1.140164,5.727867
1.260874,5.548497,1.521904,5.401974,1.109240,5.681039
1.253359,5.483337,1.511874,5.385856,1.088601,5.627453
1.252536,5.427420,1.503914,5.368676,1.076481,5.571395
1.254093,5.395755,1.498729,5.350496,1.071947,5.514652
1.257131,5.345731,1.494047,5.318938,1.074014,5.420863
1.261617,5.295725,1.496234,5.285254,1.074707,5.327498
1.275468,5.195740,1.522683,5.182579,1.070772,5.227900
1.294467,5.095815,1.559372,5.078872,1.064794,5.128508
1.316447,4.995923,1.602003,4.974564,1.057623,5.029236
1.338896,4.896036,1.645554,4.870157,1.050269,4.929987
1.358122,4.796114,1.682700,4.766390,1.044197,4.830607
1.373193,4.696144,1.711572,4.663449,1.039780,4.731062
1.382362,4.596107,1.728700,4.561687,1.037710,4.631283
1.387163,4.496022,1.737132,4.460800,1.037381,4.531328
1.388751,4.395900,1.739175,4.360555,1.038329,4.431244
1.389882,4.295773,1.740306,4.260403,1.039459,4.331142
1.391013,4.195645,1.741438,4.160251,1.040590,4.231040
1.392144,4.095518,1.742569,4.060098,1.041720,4.130938
1.393275,3.995391,1.743700,3.959946,1.042851,4.030836
1.394406,3.895264,1.744831,3.859794,1.043981,3.930733
1.395537,3.795136,1.745962,3.759641,1.045112,3.830631
1.396668,3.695009,1.747094,3.659489,1.046242,3.730529
1.397799,3.594882,1.748225,3.559337,1.047373,3.630427
1.398930,3.494755,1.749356,3.459184,1.048503,3.530325
1.400001,3.394607,1.749986,3.359029,1.049634,3.430223
