center_x_m,center_y_m,inner_x_m,inner_y_m,outer_x_m,outer_y_m
1.399976,3.402105,1.849604,3.437443,0.950004,3.366739
1.400012,3.302041,1.849979,3.337295,0.950015,3.266784
1.400023,3.201988,1.849992,3.237145,0.950027,3.166829
1.400035,3.101935,1.850005,3.136995,0.950039,3.066874
1.400047,3.001883,1.850018,3.036844,0.95005,2.966919
1.400059,2.90183,1.850032,2.936694,0.950062,2.866964
1.40007,2.801777,1.850045,2.836544,0.950073,2.767009
1.400082,2.701725,1.850058,2.736394,0.950085,2.667054
1.400094,2.601672,1.850071,2.636243,0.950097,2.567099
1.400106,2.501619,1.850084,2.536093,0.950108,2.467144
1.400118,2.401567,1.850098,2.435943,0.95012,2.367189
1.400129,2.301514,1.850111,2.335793,0.950132,2.267234
1.400141,2.201461,1.850124,2.235642,0.950143,2.167279
1.400153,2.101409,1.850137,2.135492,0.950155,2.067324
1.400165,2.001356,1.85015,2.035342,0.950167,1.967369
1.400177,1.901303,1.850163,1.935192,0.950178,1.867414
1.400188,1.801251,1.850177,1.835042,0.95019,1.767459
1.4002,1.701198,1.85019,1.734891,0.950201,1.667504
1.400206,1.651221,1.85019,1.734891,0.950213,1.567549
1.400212,1.601244,1.85019,1.734891,0.950225,1.467594
1.400218,1.551267,1.85019,1.734891,0.950236,1.367639
1.400224,1.50129,1.85019,1.734891,0.950248,1.267684
1.40023,1.446532,1.85019,1.734891,0.95986,1.164318
1.400237,1.384969,1.85019,1.734891,0.99138,1.067005
1.400246,1.314167,1.85019,1.734891,1.043193,0.980302
1.419391,1.252078,1.85019,1.734891,1.11231,0.907919
1.494662,1.257332,1.85019,1.734891,1.194009,0.853484
1.558569,1.261793,1.85019,1.734891,1.285164,0.818248
1.613733,1.265644,1.85019,1.734891,1.380928,0.803644
1.663388,1.26911,1.85019,1.734891,1.477264,0.805018
1.713335,1.272597,1.85019,1.734891,1.576976,0.811979
1.763282,1.276083,1.85019,1.734891,1.676689,0.81894
1.813228,1.27957,1.85019,1.734891,1.776401,0.825901
1.863175,1.283056,1.85019,1.734891,1.876113,0.832862
1.962143,1.289964,1.94846,1.74011,1.975826,0.839823
2.061952,1.296931,2.048367,1.747083,2.075538,0.846784
2.161762,1.303899,2.148274,1.754057,2.17525,0.853744
2.261572,1.310866,2.248181,1.761031,2.274962,0.860705
2.361382,1.317833,2.348088,1.768005,2.374675,0.867666
2.461191,1.3248,2.447995,1.774979,2.474387,0.874627
2.561001,1.331767,2.547903,1.781953,2.574099,0.881588
2.660811,1.338734,2.64781,1.788927,2.673812,0.888549
2.710877,1.342229,2.747716,1.79314,2.673812,0.888549
2.749328,1.344913,2.82262,1.787839,2.673812,0.888549
2.786179,1.333605,2.896746,1.771537,2.673812,0.888549
2.820573,1.318165,2.966673,1.745846,2.673812,0.888549
2.854548,1.302913,3.034469,1.715411,2.673812,0.888549
2.9456,1.262037,3.125835,1.674394,2.765368,0.849686
3.036877,1.22106,3.217201,1.633378,2.856556,0.808749
3.128154,1.180084,3.308567,1.592362,2.947744,0.767812
3.219431,1.139107,3.399933,1.551345,3.038931,0.726875
3.310708,1.098131,3.491299,1.510329,3.130119,0.685939
3.401984,1.057155,3.582665,1.469313,3.221306,0.645002
3.493261,1.016178,3.674031,1.428297,3.312494,0.604065
3.584538,0.975202,3.765397,1.38728,3.403681,0.563128
3.675815,0.934225,3.856763,1.346264,3.494869,0.522191
3.767092,0.893249,3.948129,1.305248,3.586056,0.481254
3.812686,0.872781,3.948129,1.305248,3.677244,0.440318
3.85828,0.852312,3.948129,1.305248,3.768432,0.399381
3.903874,0.831844,3.948129,1.305248,3.859619,0.358444
3.937176,0.816894,3.948129,1.305248,3.926246,0.329532
3.971661,0.801413,3.948129,1.305248,3.994788,0.306262
4.010591,0.783936,3.948129,1.305248,4.069035,0.296159
4.05365,0.764606,3.948129,1.305248,4.144774,0.297724
4.101923,0.743705,3.948129,1.305248,4.220275,0.311574
4.135053,0.779345,3.948129,1.305248,4.292181,0.33727
4.164777,0.811322,3.948129,1.305248,4.356977,0.373135
4.192959,0.841639,3.948129,1.305248,4.414402,0.422318
4.255687,0.909118,4.027306,1.324372,4.48407,0.49386
4.289713,0.945723,4.027306,1.324372,4.552124,0.567069
4.32374,0.982328,4.027306,1.324372,4.620178,0.640279
4.357767,1.018932,4.027306,1.324372,4.688232,0.713489
4.425887,1.092214,4.095493,1.397725,4.756286,0.786698
4.459981,1.12889,4.16368,1.471078,4.756286,0.786698
4.494074,1.165567,4.231867,1.544431,4.756286,0.786698
4.523604,1.197334,4.290926,1.607964,4.756286,0.786698
4.553507,1.229502,4.351924,1.669694,4.756286,0.786698
4.585829,1.264273,4.42186,1.723673,4.756286,0.786698
4.621072,1.302187,4.500134,1.763253,4.756286,0.786698
4.661572,1.344571,4.586438,1.787121,4.756286,0.786698
4.712876,1.321398,4.674545,1.79355,4.756286,0.786698
4.758612,1.300739,4.760794,1.783164,4.756286,0.786698
4.799897,1.282091,4.841659,1.756466,4.756286,0.786698
4.846564,1.261011,4.933107,1.715692,4.756286,0.786698
4.893164,1.239962,5.024378,1.674465,4.756286,0.786698
4.979153,1.201122,5.115649,1.633238,4.842655,0.769001
5.024788,1.180508,5.20692,1.592011,4.842655,0.769001
5.115971,1.139322,5.298191,1.550784,4.933748,0.727854
5.207153,1.098135,5.389462,1.509557,5.024841,0.686708
5.298335,1.056949,5.480733,1.46833,5.115934,0.645561
5.389517,1.015762,5.572004,1.427103,5.207028,0.604415
5.480699,0.974576,5.663275,1.385876,5.298121,0.563269
5.571882,0.933389,5.754546,1.344649,5.389214,0.522122
5.663064,0.892203,5.845817,1.303422,5.480307,0.480976
5.754246,0.851016,5.937088,1.262195,5.5714,0.439829
5.845428,0.80983,6.028359,1.220968,5.662493,0.398683
5.93661,0.768643,6.11963,1.179741,5.753587,0.357537
6.027793,0.727457,6.210901,1.138514,5.84468,0.31639
6.073339,0.706884,6.210901,1.138514,5.935773,0.275244
6.1618,0.666926,6.302251,1.117456,6.026866,0.234097
6.189942,0.654214,6.302251,1.117456,6.082046,0.209173
6.218694,0.641227,6.302251,1.117456,6.139333,0.188916
6.248609,0.627715,6.302251,1.117456,6.198811,0.173082
6.279579,0.615386,6.302251,1.117456,6.259302,0.166349
6.313258,0.630281,6.302251,1.117456,6.32367,0.169426
6.345163,0.644392,6.302251,1.117456,6.387312,0.179739
6.374873,0.657532,6.302251,1.117456,6.447274,0.199013
6.403935,0.670386,6.302251,1.117456,6.50562,0.223312
6.449642,0.690601,6.302251,1.117456,6.597034,0.263742
6.495348,0.710816,6.302251,1.117456,6.688447,0.304172
6.586851,0.751286,6.393843,1.157965,6.77986,0.344603
6.678354,0.791755,6.485435,1.198475,6.871274,0.385033
6.769856,0.832225,6.577027,1.238984,6.962687,0.425463
6.861359,0.872695,6.668619,1.279493,7.0541,0.465893
6.952861,0.913165,6.760211,1.320002,7.145513,0.506324
7.044364,0.953634,6.851802,1.360512,7.236927,0.546754
7.135866,0.994104,6.943394,1.401021,7.32834,0.587184
7.227369,1.034574,7.034986,1.44153,7.419753,0.627614
7.318872,1.075044,7.126578,1.48204,7.511167,0.668044
7.410374,1.115513,7.21817,1.522549,7.60258,0.708475
7.501877,1.155983,7.309762,1.563058,7.693993,0.748905
7.593379,1.196453,7.401354,1.603567,7.785407,0.789335
7.684882,1.236922,7.492946,1.644077,7.87682,0.829765
7.776385,1.277392,7.584537,1.684586,7.968233,0.870196
7.867887,1.317862,7.676129,1.725095,8.059647,0.910626
7.958298,1.357849,7.767721,1.765604,8.151165,0.945195
8.004368,1.378225,7.859313,1.806114,8.151165,0.945195
8.05017,1.398482,7.950373,1.846388,8.151165,0.945195
8.097755,1.419528,8.046426,1.875373,8.151165,0.945195
8.148589,1.430873,8.146185,1.883881,8.151165,0.945195
8.198179,1.411042,8.24453,1.870327,8.151165,0.945195
8.245442,1.392143,8.339717,1.839084,8.151165,0.945195
8.29186,1.373581,8.432553,1.80196,8.151165,0.945195
8.338356,1.354988,8.525544,1.764775,8.151165,0.945195
8.431256,1.317838,8.618535,1.727589,8.243975,0.908082
8.524156,1.280689,8.711526,1.690404,8.336785,0.870969
8.617057,1.24354,8.804516,1.653219,8.429594,0.833856
8.709957,1.206391,8.897507,1.616033,8.522404,0.796743
8.802857,1.169241,8.990498,1.578848,8.615213,0.75963
8.895757,1.132092,9.083489,1.541662,8.708023,0.722517
8.988658,1.094943,9.17648,1.504477,8.800833,0.685404
9.081558,1.057793,9.269471,1.467292,8.893642,0.648291
9.174458,1.020644,9.362462,1.430106,8.986452,0.611178
9.267358,0.983495,9.455453,1.392921,9.079262,0.574065
9.360258,0.946346,9.548444,1.355735,9.172071,0.536952
9.453159,0.909196,9.641435,1.31855,9.264881,0.499839
9.499563,0.89064,9.641435,1.31855,9.35769,0.462726
9.545968,0.872083,9.641435,1.31855,9.4505,0.425613
9.592373,0.853527,9.641435,1.31855,9.54331,0.3885
9.638777,0.834971,9.641435,1.31855,9.636119,0.351387
9.681804,0.817765,9.641435,1.31855,9.721468,0.325718
9.72846,0.799108,9.641435,1.31855,9.810018,0.312301
9.780742,0.778201,9.641435,1.31855,9.899466,0.317692
9.834792,0.769155,9.641435,1.31855,9.985631,0.340568
9.868397,0.813633,9.641435,1.31855,10.063856,0.378801
9.898623,0.853638,9.641435,1.31855,10.132623,0.430641
9.925785,0.889589,9.641435,1.31855,10.189362,0.491965
9.951793,0.924011,9.641435,1.31855,10.239477,0.558294
10.006758,0.996759,9.713782,1.355474,10.299733,0.638046
10.036886,1.036635,9.713782,1.355474,10.359989,0.717797
10.067014,1.076511,9.713782,1.355474,10.420244,0.797548
10.127329,1.156339,9.774157,1.435381,10.4805,0.877299
10.187643,1.236168,9.834531,1.515287,10.540756,0.95705
10.247958,1.315997,9.894905,1.595193,10.601012,1.036801
10.308273,1.395826,9.95528,1.675099,10.661267,1.116552
10.368588,1.475655,10.015654,1.755006,10.721523,1.196303
10.428902,1.555484,10.076028,1.834912,10.781779,1.276054
10.489217,1.635313,10.136403,1.914818,10.842035,1.355805
10.549532,1.715142,10.196777,1.994724,10.90229,1.435557
10.609847,1.794971,10.257151,2.074631,10.962546,1.515308
10.670161,1.8748,10.317526,2.154537,11.022802,1.595059
10.730476,1.954629,10.3779,2.234443,11.083058,1.67481
10.760604,1.994504,10.3779,2.234443,11.143314,1.754561
10.790732,2.034379,10.3779,2.234443,11.203569,1.834312
10.809577,2.059322,10.3779,2.234443,11.24126,1.884197
10.828606,2.084507,10.3779,2.234443,11.277514,1.935168
10.848838,2.111285,10.3779,2.234443,11.306385,1.991629
10.870075,2.139394,10.3779,2.234443,11.329791,2.050613
10.892009,2.168424,10.3779,2.234443,11.343276,2.110474
10.892897,2.201504,10.3779,2.234443,11.347456,2.172431
10.882485,2.234491,10.3779,2.234443,11.345356,2.234535
10.872668,2.265595,10.3779,2.234443,11.333162,2.294589
10.84375,2.357214,10.382359,2.323985,11.305144,2.390444
10.828707,2.404874,10.382359,2.323985,11.275059,2.485763
10.813664,2.452534,10.382359,2.323985,11.244973,2.581083
10.783549,2.547947,10.352214,2.419491,11.214888,2.676403
10.753434,2.643359,10.322069,2.514997,11.184802,2.771723
10.723319,2.738772,10.291924,2.610503,11.154716,2.867042
10.693204,2.834185,10.261778,2.706008,11.124631,2.962362
10.663088,2.929598,10.231633,2.801514,11.094545,3.057682
10.632973,3.02501,10.201488,2.89702,11.06446,3.153001
10.602858,3.120423,10.171343,2.992526,11.034374,3.248321
10.572743,3.215836,10.141198,3.088031,11.004289,3.343641
10.542628,3.311249,10.111053,3.183537,10.974203,3.438961
10.51254,3.406576,10.080908,3.279043,10.945439,3.534484
10.497352,3.454695,10.058414,3.376535,10.945439,3.534484
10.495445,3.50499,10.045447,3.475496,10.945439,3.534484
10.495423,3.605043,10.045425,3.575646,10.945417,3.634439
10.495401,3.705095,10.045404,3.675796,10.945396,3.734394
10.49538,3.805148,10.045382,3.775947,10.945374,3.834349
10.495358,3.905201,10.04536,3.876097,10.945352,3.934304
10.495336,4.005253,10.045339,3.976247,10.945331,4.034259
10.495315,4.105306,10.045317,4.076397,10.945309,4.134214
10.495293,4.205358,10.045296,4.176548,10.945287,4.234169
10.495271,4.305411,10.045274,4.276698,10.945266,4.334124
10.49525,4.405464,10.045253,4.376848,10.945244,4.434079
10.495228,4.505516,10.045231,4.476998,10.945222,4.534034
10.495206,4.605569,10.045209,4.577149,10.9452,4.633989
10.495185,4.705621,10.045188,4.677299,10.945179,4.733944
10.495163,4.805674,10.045166,4.777449,10.945157,4.833899
10.495141,4.905727,10.045145,4.877599,10.945135,4.933854
10.49512,5.005779,10.045123,4.97775,10.945114,5.033809
10.495098,5.105832,10.045102,5.0779,10.945092,5.133764
10.495076,5.205884,10.04508,5.17805,10.94507,5.233719
10.495065,5.255862,10.04508,5.17805,10.945049,5.333674
10.495055,5.30584,10.04508,5.17805,10.945027,5.433629
10.495044,5.355817,10.04508,5.17805,10.945005,5.533584
10.495035,5.398478,10.04508,5.17805,10.94096,5.616932
10.495024,5.44573,10.04508,5.17805,10.92107,5.699192
10.495013,5.499197,10.04508,5.17805,10.885607,5.77799
10.492633,5.558402,10.04508,5.17805,10.835136,5.849477
10.432204,5.568677,10.04508,5.17805,10.770997,5.910537
10.378458,5.577816,10.04508,5.17805,10.695606,5.958119
10.330202,5.586021,10.04508,5.17805,10.61242,5.989836
10.285424,5.593634,10.04508,5.17805,10.52577,6.009224
10.236153,5.602012,10.04508,5.17805,10.427229,6.025979
10.186883,5.610389,10.04508,5.17805,10.328689,6.042734
10.137613,5.618766,10.04508,5.17805,10.230148,6.059489
10.038976,5.635538,9.946347,5.194837,10.131607,6.076244
9.94034,5.652309,9.847613,5.211624,10.033067,6.092999
9.841703,5.66908,9.74888,5.228411,9.934526,6.109754
9.743066,5.685851,9.650147,5.245197,9.835985,6.126509
9.644429,5.702623,9.551413,5.261984,9.737445,6.143264
9.545792,5.719394,9.45268,5.278771,9.638904,6.160019
9.447155,5.736165,9.353947,5.295558,9.540363,6.176775
9.348518,5.752936,9.255213,5.312345,9.441823,6.19353
9.299248,5.761314,9.255213,5.312345,9.343282,6.210285
9.249977,5.769691,9.255213,5.312345,9.244741,6.22704
9.15856,5.785235,9.171786,5.294494,9.146201,6.243795
9.121521,5.791533,9.171786,5.294494,9.074552,6.255977
9.084012,5.79791,9.171786,5.294494,9.002468,6.265596
9.043374,5.80482,9.171786,5.294494,8.928148,6.262741
8.999556,5.81227,9.171786,5.294494,8.854407,6.248634
8.960151,5.798077,9.171786,5.294494,8.781901,6.22222
8.934196,5.757603,9.171786,5.294494,8.715096,6.184672
8.911239,5.721804,9.171786,5.294494,8.657605,6.137778
8.889706,5.688226,9.171786,5.294494,8.609296,6.079627
8.862479,5.645768,9.171786,5.294494,8.553168,5.997045
8.835501,5.603698,9.171786,5.294494,8.499212,5.912905
8.808522,5.561627,9.171786,5.294494,8.445255,5.828764
8.768028,5.498481,9.144755,5.252341,8.391298,5.744623
8.727534,5.435335,9.117724,5.210188,8.337342,5.660482
8.673525,5.351112,9.063662,5.125883,8.283385,5.576341
8.619515,5.266889,9.009601,5.041578,8.229429,5.492201
8.565505,5.182666,8.955539,4.957272,8.175472,5.40806
8.511496,5.098443,8.901477,4.872967,8.121515,5.323919
8.457486,5.014221,8.847415,4.788662,8.067559,5.239778
8.403476,4.929998,8.793353,4.704357,8.013602,5.155637
8.376498,4.887927,8.793353,4.704357,7.959645,5.071497
8.355864,4.855751,8.793353,4.704357,7.921404,5.006096
8.334698,4.822745,8.793353,4.704357,7.889019,4.937784
8.312973,4.788836,8.793353,4.704357,7.87105,4.866552
8.315695,4.749588,8.793353,4.704357,7.865301,4.792238
8.322498,4.651507,8.776418,4.610552,7.868576,4.692463
8.325957,4.60165,8.776418,4.610552,7.875493,4.592747
8.33288,4.501837,8.783348,4.510642,7.882409,4.493032
8.339803,4.402024,8.790278,4.410732,7.889326,4.393317
8.346726,4.302211,8.797208,4.310822,7.896242,4.293601
8.350191,4.252256,8.804138,4.210911,7.896242,4.293601
8.356403,4.162695,8.811068,4.111001,7.877089,4.217191
8.35996,4.111422,8.817998,4.011091,7.877089,4.217191
8.363516,4.060148,8.824927,3.911181,7.877089,4.217191
8.366948,4.010667,8.83133,3.814884,7.877089,4.217191
8.370646,3.95735,8.824389,3.718469,7.877089,4.217191
8.374853,3.896706,8.798584,3.623886,7.877089,4.217191
8.379702,3.826789,8.752739,3.537035,7.877089,4.217191
8.338301,3.786437,8.687304,3.46048,7.877089,4.217191
8.264096,3.783275,8.605893,3.400048,7.877089,4.217191
8.200106,3.780549,8.511974,3.358976,7.877089,4.217191
8.143695,3.778145,8.409782,3.339952,7.877089,4.217191
8.093447,3.776004,8.309806,3.334813,7.877089,4.217191
8.043418,3.773872,8.209747,3.330551,7.877089,4.217191
7.993388,3.77174,8.109687,3.326289,7.877089,4.217191
7.943359,3.769609,8.009628,3.322027,7.877089,4.217191
7.893329,3.767477,7.909568,3.317765,7.877089,4.217191
7.793367,3.763218,7.809509,3.313503,7.777225,4.212937
7.693405,3.758958,7.709449,3.309241,7.677361,4.208683
7.593443,3.754699,7.60939,3.304979,7.577496,4.204429
7.543512,3.752571,7.60939,3.304979,7.477632,4.200174
7.494385,3.750478,7.585594,3.303965,7.403318,4.196298
7.444833,3.748367,7.561799,3.302952,7.33052,4.183677
7.396953,3.730268,7.537627,3.293176,7.258086,4.161746
7.352462,3.705285,7.515077,3.280513,7.189843,4.130066
7.308885,3.680815,7.515077,3.280513,7.102689,4.081125
7.221646,3.631827,7.427752,3.231477,7.015535,4.032185
7.134407,3.582839,7.340428,3.182441,6.928381,3.983245
7.047168,3.53385,7.253104,3.133405,6.841227,3.934304
6.959928,3.484862,7.16578,3.084369,6.754073,3.885364
6.872689,3.435874,7.078455,3.035333,6.666919,3.836424
6.78545,3.386886,6.991131,2.986297,6.579765,3.787483
6.698211,3.337898,6.903807,2.937261,6.49261,3.738543
6.610971,3.28891,6.816482,2.888225,6.405456,3.689603
6.523732,3.239922,6.729158,2.839189,6.318302,3.640662
6.436493,3.190934,6.641834,2.790153,6.231148,3.591722
6.349253,3.141946,6.55451,2.741117,6.143994,3.542782
6.262014,3.092958,6.467185,2.69208,6.05684,3.493841
6.174775,3.04397,6.379861,2.643044,5.969686,3.444901
6.087536,2.994981,6.292537,2.594008,5.882532,3.395961
6.043873,2.970463,6.205212,2.544972,5.882532,3.395961
6.000211,2.945945,6.117888,2.495936,5.882532,3.395961
5.956548,2.921427,6.030564,2.4469,5.882532,3.395961
5.912886,2.896909,5.943239,2.397864,5.882532,3.395961
5.869223,2.872391,5.855915,2.348828,5.882532,3.395961
5.825561,2.847873,5.768591,2.299792,5.882532,3.395961
5.781899,2.823355,5.681267,2.250756,5.882532,3.395961
5.752712,2.806966,5.623465,2.220569,5.882532,3.395961
5.72093,2.789119,5.563022,2.196146,5.882532,3.395961
5.68577,2.769375,5.500944,2.180797,5.882532,3.395961
5.645069,2.74652,5.43634,2.175663,5.882532,3.395961
5.599107,2.720711,5.371311,2.177995,5.882532,3.395961
5.547009,2.691456,5.307944,2.189484,5.882532,3.395961
5.484527,2.65637,5.245875,2.212894,5.882532,3.395961
5.424844,2.637914,5.18689,2.243801,5.882532,3.395961
5.423469,2.705123,5.138826,2.276767,5.882532,3.395961
5.422248,2.76481,5.096962,2.318771,5.882532,3.395961
5.421161,2.817932,5.058918,2.364094,5.882532,3.395961
5.42021,2.864438,5.028449,2.414038,5.882532,3.395961
5.419322,2.907827,5.004393,2.470571,5.882532,3.395961
5.418515,2.947303,4.985971,2.529076,5.882532,3.395961
5.417829,2.980828,4.978468,2.588333,5.882532,3.395961
5.417178,3.012647,4.97454,2.648044,5.882532,3.395961
5.416128,3.063964,4.972492,2.748173,5.882532,3.395961
5.415078,3.115281,4.970444,2.848302,5.882532,3.395961
5.414028,3.166598,4.968395,2.948432,5.882532,3.395961
5.412978,3.217915,4.966347,3.048561,5.882532,3.395961
5.411928,3.269232,4.964299,3.14869,5.882532,3.395961
5.410218,3.352856,4.962251,3.24882,5.858191,3.456895
5.409193,3.402921,4.960203,3.348949,5.858191,3.456895
5.408169,3.452986,4.958154,3.449078,5.858191,3.456895
5.406123,3.553018,4.956106,3.549207,5.856147,3.556829
5.404076,3.65305,4.954058,3.649337,5.854102,3.656763
5.40203,3.753081,4.95201,3.749466,5.852058,3.756697
5.399983,3.853113,4.949962,3.849595,5.850013,3.856631
5.402788,3.953083,4.953088,3.949668,5.853354,3.956505
5.407072,4.053045,4.957324,4.049729,5.857633,4.056368
5.411355,4.153008,4.961559,4.149789,5.861911,4.156231
5.415639,4.25297,4.965795,4.24985,5.86619,4.256095
5.419922,4.352932,4.970031,4.349911,5.870469,4.355958
5.424205,4.452894,4.974267,4.449971,5.874748,4.455821
5.428489,4.552857,4.978502,4.550032,5.879026,4.555685
5.432772,4.652819,4.982738,4.650092,5.883305,4.655548
5.437055,4.752781,4.986974,4.750153,5.887584,4.755411
5.441339,4.852743,4.991209,4.850214,5.891863,4.855275
5.445622,4.952705,4.995445,4.950274,5.896142,4.955138
5.449906,5.052667,4.999681,5.050335,5.90042,5.055001
5.454189,5.15263,5.003916,5.150396,5.904699,5.154865
5.456328,5.202548,5.003916,5.150396,5.908978,5.254728
5.458467,5.252467,5.003916,5.150396,5.913257,5.354592
5.460606,5.302385,5.003916,5.150396,5.917535,5.454455
5.462736,5.352099,5.003916,5.150396,5.921797,5.553907
5.465008,5.405111,5.003916,5.150396,5.915233,5.653824
5.467306,5.458746,5.003916,5.150396,5.897695,5.745136
5.469919,5.519715,5.003916,5.150396,5.859683,5.828614
5.472907,5.589455,5.003916,5.150396,5.80641,5.901674
5.415857,5.60432,5.003916,5.150396,5.740463,5.96201
5.359262,5.60688,5.003916,5.150396,5.66985,6.005867
5.309781,5.609117,5.003916,5.150396,5.593561,6.034718
5.263881,5.611193,5.003916,5.150396,5.5107,6.048688
5.2203,5.613164,5.003916,5.150396,5.426569,6.054299
5.169179,5.615476,5.003916,5.150396,5.326716,6.058814
5.118058,5.617788,5.003916,5.150396,5.226863,6.06333
5.026931,5.621909,4.926854,5.175977,5.12701,6.067845
4.977005,5.624167,4.926854,5.175977,5.027157,6.072361
4.877055,5.628687,4.826806,5.180501,4.927304,6.076876
4.777104,5.633207,4.726758,5.185025,4.827451,6.081392
4.677154,5.637727,4.62671,5.189549,4.727598,6.085908
4.577203,5.642247,4.526662,5.194073,4.627745,6.090423
4.527277,5.644505,4.526662,5.194073,4.527892,6.094939
4.477351,5.646763,4.526662,5.194073,4.428039,6.099454
4.427424,5.649021,4.526662,5.194073,4.328186,6.10397
4.377498,5.651279,4.526662,5.194073,4.228334,6.108485
4.327571,5.653537,4.526662,5.194073,4.128481,6.113001
4.275378,5.655897,4.520692,5.194343,4.030398,6.116821
4.218867,5.658453,4.514722,5.194613,3.932765,6.107
4.154459,5.661365,4.508752,5.194883,3.83841,6.077495
4.080189,5.664724,4.502782,5.195153,3.753057,6.028222
4.018392,5.640744,4.490107,5.195726,3.679564,5.960395
4.019921,5.548906,4.476284,5.170893,3.62282,5.87783
4.021091,5.478622,4.476482,5.158986,3.585641,5.78426
4.022128,5.416295,4.47668,5.14708,3.570143,5.68399
4.022972,5.365612,4.47668,5.14708,3.569273,5.58414
4.023804,5.315641,4.47668,5.14708,3.570936,5.484199
4.024636,5.26567,4.47668,5.14708,3.572599,5.384258
4.025467,5.215699,4.47668,5.14708,3.574262,5.284317
4.026299,5.165728,4.47668,5.14708,3.575925,5.184376
4.027965,5.065689,4.478346,5.046944,3.577588,5.084435
4.02963,4.96565,4.480012,4.946807,3.579251,4.984493
4.031295,4.865612,4.481678,4.846671,3.580914,4.884552
4.03296,4.765573,4.483344,4.746535,3.582577,4.784611
4.034626,4.665534,4.48501,4.646398,3.58424,4.68467
4.036252,4.567811,4.486677,4.546262,3.581472,4.589569
4.03709,4.517502,4.488343,4.446125,3.581472,4.589569
4.037927,4.467193,4.490009,4.345989,3.581472,4.589569
4.038765,4.416883,4.491675,4.245853,3.581472,4.589569
4.039602,4.366574,4.493341,4.145716,3.581472,4.589569
4.04044,4.316262,4.489846,4.048649,3.581472,4.589569
4.04137,4.26037,4.470762,3.953008,3.581472,4.589569
4.042451,4.195443,4.431001,3.863243,3.581472,4.589569
4.043726,4.118873,4.372491,3.784104,3.581472,4.589569
3.988235,4.094286,4.296753,3.718626,3.581472,4.589569
3.913899,4.102108,4.207725,3.671249,3.581472,4.589569
3.849988,4.108833,4.109255,3.644653,3.581472,4.589569
3.793896,4.114735,4.005888,3.640866,3.581472,4.589569
3.743843,4.120002,3.906216,3.650428,3.581472,4.589569
3.694055,4.125241,3.80664,3.660906,3.581472,4.589569
3.644256,4.130481,3.70704,3.671387,3.581472,4.589569
3.594456,4.135721,3.607439,3.681868,3.581472,4.589569
3.544656,4.140961,3.507839,3.692349,3.581472,4.589569
3.494856,4.146201,3.408239,3.70283,3.581472,4.589569
3.395352,4.156671,3.308638,3.713311,3.482066,4.60003
3.295849,4.167142,3.209038,3.723792,3.38266,4.610491
3.196346,4.177612,3.109438,3.734273,3.283254,4.620952
3.096842,4.188082,3.009837,3.744754,3.183848,4.631413
2.997339,4.198552,2.910237,3.755235,3.084442,4.641875
2.947539,4.203793,2.810637,3.765716,3.084442,4.641875
2.897738,4.209033,2.711037,3.776197,3.084442,4.641875
2.847918,4.214275,2.61145,3.786779,3.084442,4.641875
2.799968,4.219321,2.522993,3.807905,3.084442,4.641875
2.747451,4.224847,2.43986,3.844201,3.084442,4.641875
2.688658,4.231033,2.366061,3.896165,3.084442,4.641875
2.657537,4.269218,2.304629,3.961156,3.084442,4.641875
2.65343,4.325124,2.258227,4.03469,3.084442,4.641875
2.649801,4.374526,2.226987,4.114452,3.084442,4.641875
2.646625,4.417767,2.212344,4.195469,3.084442,4.641875
2.643575,4.459286,2.205685,4.27793,3.084442,4.641875
2.639895,4.509396,2.198348,4.377811,3.084442,4.641875
2.636214,4.559505,2.191012,4.477692,3.084442,4.641875
2.632533,4.609615,2.183675,4.577573,3.084442,4.641875
2.625298,4.70812,2.176338,4.677454,3.074256,4.738786
2.617968,4.807904,2.169002,4.777336,3.066934,4.838472
2.610639,4.907688,2.161665,4.877217,3.059611,4.938158
2.603309,5.007471,2.154329,4.977098,3.052289,5.037845
2.59598,5.107255,2.146992,5.076979,3.044967,5.137531
2.592319,5.157098,2.146992,5.076979,3.037645,5.237218
2.588658,5.206942,2.146992,5.076979,3.030323,5.336904
2.584996,5.256785,2.146992,5.076979,3.023001,5.436591
2.581335,5.306628,2.146992,5.076979,3.015679,5.536277
2.578155,5.34993,2.146992,5.076979,3.005802,5.620656
2.574797,5.395637,2.146992,5.076979,2.988097,5.70349
2.571149,5.4453,2.146992,5.076979,2.954538,5.778218
2.566948,5.502492,2.146992,5.076979,2.906338,5.846372
2.54911,5.557879,2.146992,5.076979,2.842242,5.908441
2.484831,5.557151,2.146992,5.076979,2.766257,5.957142
2.427555,5.556503,2.146992,5.076979,2.681159,5.989948
2.375871,5.555918,2.146992,5.076979,2.590443,6.004918
2.323651,5.555326,2.146992,5.076979,2.490547,6.007239
2.272303,5.554745,2.146992,5.076979,2.390689,6.00611
2.220908,5.554163,2.146992,5.076979,2.290741,6.004979
2.131039,5.553146,2.071286,5.102444,2.190792,6.003848
2.081065,5.55258,2.071286,5.102444,2.090843,6.002717
2.031091,5.552014,2.071286,5.102444,1.990895,6.001587
1.931044,5.550882,1.971142,5.10131,1.890946,6.000456
1.830998,5.549749,1.870999,5.100175,1.790998,5.999325
1.781024,5.549183,1.870999,5.100175,1.691049,5.998194
1.73105,5.548617,1.870999,5.100175,1.5911,5.997064
1.681076,5.548052,1.870999,5.100175,1.491152,5.995933
1.631102,5.547486,1.870999,5.100175,1.391203,5.994802
1.578137,5.546886,1.870999,5.100175,1.293056,5.98173
1.519378,5.546221,1.870999,5.100175,1.197176,5.954948
1.450686,5.545443,1.870999,5.100175,1.110964,5.905336
1.375843,5.538617,1.870999,5.100175,1.037794,5.837946
1.376677,5.464761,1.870999,5.100175,0.981386,5.756307
1.377405,5.400328,1.870999,5.100175,0.94415,5.66379
1.378048,5.343437,1.870999,5.100175,0.928255,5.5654
1.378643,5.290728,1.870999,5.100175,0.926644,5.465661
1.379232,5.238618,1.870999,5.100175,0.927773,5.365713
1.380202,5.152755,1.831507,5.039745,0.928902,5.265764
1.380766,5.102781,1.831507,5.039745,0.93003,5.165816
1.381331,5.052806,1.831507,5.039745,0.931159,5.065867
1.381895,5.002831,1.831507,5.039745,0.932288,4.965918
1.383025,4.902785,1.832638,4.939601,0.933417,4.86597
1.384155,4.802739,1.83377,4.839457,0.934545,4.766021
1.385285,4.702693,1.834901,4.739313,0.935674,4.666073
1.386415,4.602647,1.836032,4.639169,0.936803,4.566124
1.387545,4.5026,1.837163,4.539026,0.937932,4.466175
1.388676,4.402554,1.838294,4.438882,0.93906,4.366227
1.389806,4.302508,1.839425,4.338738,0.940189,4.266278
1.390936,4.202462,1.840556,4.238594,0.941318,4.16633
1.392066,4.102416,1.841687,4.13845,0.942447,4.066381
1.393196,4.002369,1.842818,4.038306,0.943575,3.966432
1.394326,3.902323,1.843949,3.938162,0.944704,3.866484
1.395456,3.802277,1.84508,3.838019,0.945833,3.766535
1.396586,3.702231,1.846211,3.737875,0.946962,3.666587
1.397716,3.602184,1.847342,3.637731,0.94809,3.566638
1.398846,3.502138,1.848473,3.537587,0.949219,3.466689
1.399976,3.402105,1.849604,3.437443,0.950004,3.366739
